2.286650808529734036e+02
1.966553241445196250e+02
2.080717537397364367e+02
2.430115131060102271e+02
2.169788532698392771e+02
2.184364920554785101e+02
2.274841784684417121e+02
2.198952509808803200e+02
2.114725184432366234e+02
2.199120381390999057e+02
1.964669133037759821e+02
3.361294061659368708e+02
2.346710518336323332e+02
2.440967910945333301e+02
2.333967709032111770e+02
2.192522649864832260e+02
6.706453548460346781e+01
2.536740608045707575e+02
2.415781627037188457e+02
2.070341609271468997e+02
2.589960927668823274e+02
1.908180062219008164e+02
2.328753414182678512e+02
2.080922720371838182e+02
2.380111497050688172e+02
2.109019023123674685e+02
2.115128096316027211e+02
2.259050986334598861e+02
2.301122756431238372e+02
2.297701204175151588e+02
2.316812271961087504e+02
2.559290741992230380e+02
2.369837362147183057e+02
2.051807292963750058e+02
2.145338154795700234e+02
6.746211824662804446e+00
2.186286062988502295e+02
2.231589338957618338e+02
1.467033634435697422e+02
1.734430395937618812e+02
1.979082373865169302e+02
2.466218719359911802e+02
2.186347039232175291e+02
8.848644389294723567e+01
2.365693794865212283e+02
6.885229378416730128e+01
7.805206892499725768e+01
2.467724030080052842e+02
8.435642660070513443e+01
2.581976816570554547e+02
3.161457880990247986e+02
2.304810052701885184e+02
2.225820892430015761e+02
1.641042467261423496e+02
2.144122815596477380e+02
2.250191057473953720e+02
1.308346733988125550e+02
7.218934317446448290e+01
2.204982272286728460e+02
1.928272616788231062e+02
6.815765298685556672e+01
9.149940935936116659e+01
1.597862536893225069e+02
2.293423997190217847e+02
1.931224434891609008e+02
1.461568315487084249e+02
1.832113590444669455e+02
2.318032604846680158e+02
2.675511274981737415e+02
2.264587860687637431e+02
2.193620338041295668e+02
2.293437170880902727e+02
2.145742347675029578e+02
2.391682540264939689e+02
2.029425726683377889e+02
2.162839587176151497e+02
2.005929766333889575e+02
2.293365442860510939e+02
1.297207085958368395e+02
2.111835712422932829e+02
2.603287506638168338e+02
3.205468770176300950e+02
2.209785653726905537e+02
3.818913639375798397e+01
1.870503118225624348e+02
2.193683776099657337e+02
2.241902922168920043e+02
2.183654397538877276e+02
2.204955192657540692e+02
7.689806715603538123e+01
2.379014078620931514e+02
2.028879416469386570e+02
2.261699893454316452e+02
1.741573128140973097e+02
2.627011641597213156e+02
6.300970986547675068e+01
2.471150052020160786e+02
2.013855860457694007e+02
1.992979683201835428e+02
2.347042205370612749e+02
1.781242216504844862e+02
1.786229941683374136e+02
2.402719665087791725e+02
2.120004324219374894e+02
2.926191405780334094e+02
1.556474326523649836e+02
2.427070348863684615e+02
2.200979328329411828e+02
1.752459875617534806e+02
1.981799754127233371e+02
2.427749943463835507e+02
2.129655509441726622e+02
2.111786730635623428e+02
1.552970515769498832e+02
2.230902681777108683e+02
2.579061030226654339e+02
1.968182651590470584e+02
8.067955370947795757e+01
1.718751064429571684e+01
2.035092166386250483e+02
2.311160230696439726e+02
1.979378207364310356e+02
2.199651285108081709e+02
1.520719956053224564e+01
1.933206636358371782e+02
1.937316769773137253e+02
2.214595749755960412e+02
1.777758850782896616e+02
3.699822179762394825e+01
4.584730441890610564e+01
2.390641600381500496e+02
2.359119540981311900e+02
1.731236809933057827e+02
2.229281624809250104e+02
2.399466019258819642e+02
1.952309017271841185e+02
2.040936955456158159e+02
2.463908562805905547e+02
2.373993145655003048e+02
2.061235490627990998e+02
2.206220747255234755e+02
9.620125669978527583e+01
2.403578501420856526e+02
2.316027335203940822e+02
1.548255196950059371e+02
2.311930222579610188e+02
2.288754574468781016e+02
1.098472380851136307e+02
2.300840291056703677e+02
2.225509654958616181e+02
2.214852612444610145e+02
1.883665002941401667e+02
2.273360783249414681e+02
2.093043705966911148e+02
2.438392720461250462e+02
2.399744238585226697e+02
2.025556746990312149e+02
2.332122294036192329e+02
9.091536133907241890e+01
1.970106405989615155e+02
2.950195615451602293e+02
1.943737024079619005e+02
1.955022941203563391e+02
2.376731311312024388e+02
2.319646911005661707e+02
2.525521976521858960e+02
2.157621906693251788e+02
2.562289261591349145e+02
1.842181816584386240e+02
2.413999392090108813e+02
2.019569979722988649e+02
2.515911953908851331e+02
6.502038276663395067e+00
7.308381132526423585e+01
2.202635367629917766e+02
1.947821859790515475e+02
2.631040741424491216e+02
1.915176169167099829e+02
2.632487801835845858e+02
2.128437631163329797e+02
2.321253679932096361e+02
2.166469037253757790e+02
3.373392659230831470e+01
2.968058126225789692e+02
1.875427104061612624e+02
2.487171886080607237e+02
2.402554095211537231e+02
2.017392974622952124e+02
2.495084645180895109e+02
1.990885366182232588e+02
2.417466963573969565e+02
1.140488924200226535e+02
1.172205026314809828e+02
2.358348182768940546e+02
2.431818518504155975e+02
1.706725996842061477e+02
1.402048907893875480e+02
2.219025849979046541e+02
6.213562923716774122e+01
2.290248768421282648e+02
2.147785744195480220e+02
2.003455313996473990e+02
3.408868249138141664e+02
2.161230991510492174e+02
2.237877655672861010e+02
2.187387005761019623e+02
9.962159971761290933e+01
3.029188522767995551e+01
1.952784149857258456e+02
1.942700002117832128e+02
2.326970826294651147e+02
9.300205348885100420e+01
7.432524537110822394e+01
2.290242098385471365e+02
2.470887600080806124e+02
2.222627185082296251e+02
1.963590546255676941e+02
2.162810892588136937e+02
1.998860651945591371e+02
2.108848306685246143e+02
2.530407996635171344e+02
2.284067866900155082e+02
2.045932154498408977e+02
2.366785231620936258e+02
5.283284965791929721e+01
1.745219112129563541e+02
2.021652366889136374e+02
2.170693083532880223e+02
2.523932968145804523e+02
2.008529408064633230e+02
1.732113214315601510e+02
2.340783469569493036e+02
2.245115852861166275e+02
2.399090488017419034e+02
2.207271059585343949e+02
2.045311068860832506e+02
1.635787807870138124e+02
1.895091478813308470e+02
2.425066194349819568e+02
1.507845588209316361e+02
3.048431794196760620e+02
2.265248822468153094e+02
2.543207217321391909e+02
6.674319692891543809e+01
2.247937756731418233e+02
6.189670868356753886e+01
3.264310988926941377e+02
2.093719273538175969e+02
1.893373976508552516e+02
7.389121308609514927e+01
5.233766973860937810e+01
9.550573030546149766e+01
1.746416158305021611e+02
2.655788833147657328e+02
2.376095253371566116e+02
2.010174853613859511e+02
2.350116398846721211e+02
3.290632836179622132e+02
2.134006616514959660e+02
2.294566716517118152e+02
2.205695840795082177e+02
2.168648716526778628e+02
2.914486010301164924e+02
2.994080606550491552e+02
1.528366694850920453e+02
2.122098161085773711e+02
2.244223862349038257e+02
1.870576777668277941e+02
1.009770873064052665e+02
2.266817394746497598e+02
2.049847230385805972e+02
2.488661860044045966e+02
1.004704514160148250e+02
2.134692124660292905e+02
1.864024442928736676e+02
2.018338978044666590e+02
8.669056384545373817e+01
2.222126739200633381e+02
2.439840238016676608e+02
7.582847059961332548e+01
1.945774517255631224e+02
3.012827050213423945e+02
2.073812990427381351e+02
2.401933180279030466e+02
1.680954958277390858e+02
1.027794092967430402e+02
2.185206549666010574e+02
1.322621607996958630e+02
2.800639015390690929e+02
2.247331273091449475e+02
1.879967149583665105e+02
5.365809497315714793e+01
2.371983979971933820e+02
2.342775723658077425e+02
2.150577543619822620e+02
2.180936262438870301e+02
3.822592008608008030e+01
2.308817718081635064e+02
2.092485828683657303e+02
2.255564002693513430e+02
2.178241048033440848e+02
1.825228300486739101e+02
2.518440726999207868e+02
2.166964359997349447e+02
2.273849658908669369e+02
2.010761906246762862e+02
2.106443662020004410e+02
3.241587847113751195e+02
1.210144350224323802e+02
2.068396289188368371e+02
1.486235114914490794e+02
3.156987181060060834e+02
2.456617223010138389e+02
2.223405549296326456e+02
9.051952112109687221e+01
2.447635790940455536e+02
1.839881053397686230e+02
2.339206883059918027e+02
1.322963698366619667e+02
2.115949938841879430e+02
3.047884270918421521e+02
1.702021514059975260e+01
2.157903691331835887e+02
2.212392628575150582e+02
2.145243260247533499e+02
2.226045464506480016e+02
2.529436940434624717e+02
7.793137401824600374e+01
2.081642263442326453e+02
2.182595104929940248e+02
1.092149337513438638e+02
2.525837586901429859e+02
2.252257252538373393e+02
2.538827001045476379e+02
2.415440371404844768e+02
3.732635205668580625e+01
1.905536316616139345e+02
3.106626212901391000e+02
1.613919867858058410e+02
7.507815723674485753e+01
2.357790140990462291e+01
2.508293397494522026e+02
2.437388776910359809e+02
9.386212823030119523e+01
2.094930014087161680e+02
1.713065223479033818e+02
6.438893968509391641e+01
9.218725038073404221e+01
3.063503082531787527e+02
2.001064202338072562e+02
2.059278155436780651e+02
1.627768977641327695e+02
2.479525034942524258e+02
2.179275578043602764e+02
2.073353086326255266e+02
3.201982514444088110e+02
1.969498089130937899e+02
1.997183498589326689e+02
1.545368017421016305e+02
1.173539492789025047e+02
2.841257850781004777e+02
1.987791469466959029e+02
2.586773602796330351e+02
2.536757298905155835e+02
1.840632523247804215e+02
2.342181228519361298e+02
1.990633670973767266e+02
8.223142663675938024e+01
2.409064263551072429e+02
1.972027616323824759e+02
1.946462754515239908e+02
2.143104002743416174e+02
2.229971625671090862e+02
2.841898519040012729e+02
5.202288059919655439e+01
2.059466343057196696e+02
3.289651992476110536e+02
2.494465132375670464e+02
3.365017458050288610e+02
7.051693578746301228e+01
2.538621710854054356e+02
2.263353889614117236e+02
2.035274806984607210e+02
2.152920039078878744e+02
2.525985818270808636e+02
2.576903606017416450e+02
2.267536458456198432e+02
3.121518324718974213e+02
2.173084037439486451e+02
1.239368724691746451e+02
2.138831226008135218e+02
2.448979436305315005e+02
2.771911379469286985e+01
2.151483242940235527e+02
1.277419542636410057e+02
2.081224112364217831e+02
3.263085058967978398e+02
1.762684304052244215e+02
2.333281694698318915e+02
1.872853397462092175e+02
2.452982176195270085e+02
2.380320575164577690e+02
2.343553855926733434e+02
6.829124628667813113e+01
1.980837670819020673e+02
1.833362422829203524e+02
2.540350616863742630e+02
7.525586874395591508e+01
2.199224617875994738e+02
2.090740632377122381e+02
2.235119412633088984e+02
2.233408629726898482e+02
2.204274462890986399e+02
2.243677487232679653e+02
2.661600409516288934e+01
1.905432035042632890e+02
6.921703173423259159e+01
2.533049887629066461e+02
7.246991749140718753e+01
2.212166280521414876e+02
2.206414517300479758e+02
3.374340538848079518e+01
2.258608407131495426e+02
1.788482885658197006e+02
2.176937019262908279e+02
2.037843077439865169e+02
2.163459616922390012e+02
2.229327295003343465e+02
2.059417073704549352e+02
5.482034704613133869e+01
2.072122676330920967e+02
2.561591917647742775e+02
1.991958921959268025e+02
2.277775072603309923e+02
2.735144727812301539e+02
1.589128045970624612e+02
2.522609349792356852e+02
2.367191985300002557e+02
6.551629099312943083e+01
7.329375566599841818e+01
2.150503642557152091e+02
2.724514112604667844e+02
7.672567172291618931e+01
2.145079834271310801e+02
2.534743957913662769e+02
2.159863272225699120e+02
7.739925417792976248e+01
2.277626798777682211e+02
6.761827115300248181e+01
2.147299223025373180e+02
2.111458700005015032e+02
2.029321677599066618e+02
1.274113404068668558e+02
2.066550716709720632e+02
4.472985262007131979e+01
3.091279197132831200e+02
2.214836178014161874e+02
2.057466540092885339e+02
2.556695685723510678e+02
2.440261298811185497e+02
2.547325695936605143e+02
2.179855639130073257e+02
1.997645707634569305e+02
1.538505443276489189e+02
1.887238416480381886e+02
2.431432563026173739e+02
2.064215596739598482e+02
2.060785252549302982e+02
1.787138342771147848e+02
3.460982536005010388e+02
2.559285849433236422e+02
2.061049519534124101e+02
1.601260708834079196e+02
2.228392053090997820e+02
2.655383999158963206e+02
3.068334249553142854e+02
2.500613336151535009e+02
2.406028291639450742e+02
2.072672847297589840e+02
2.338540912841695842e+02
3.942609117566750854e+01
4.267956995694595435e+01
2.104112883242354144e+02
2.048542913897039739e+02
3.398547887502236904e+02
2.159065495623072479e+02
2.062522090346046184e+02
1.805083808969738186e+02
1.876441127904154200e+02
1.868048753737641618e+02
6.837346051115392243e+01
1.737092899023054997e+02
2.053976418788342357e+02
2.289235690772111411e+02
8.698829437139558252e+01
2.479720903490564297e+02
2.563698570924476599e+02
2.105952806257791110e+02
1.934012868254096134e+02
1.844481576515874224e+02
1.814836416283882272e+02
2.117539446790127045e+02
2.384391479303764640e+02
5.048520043007054880e+01
2.032048042593426089e+02
2.961672982004506594e+02
1.810524931561712947e+02
2.126085112100287802e+02
2.133141515769592331e+02
2.198681742946606903e+02
2.393633011477265597e+02
2.637622022696297108e+02
1.039917689048938456e+02
2.400482744988109971e+02
1.246852934642266177e+02
3.873689560140270061e+01
2.427076360876180559e+02
2.211849930496728120e+02
2.163257101135673111e+02
2.149626789922054968e+02
2.327388750336648968e+02
2.369334721185200010e+02
2.658639086051876887e+01
9.859228613514159179e+01
2.572592276032063410e+02
1.987647955631384775e+02
2.690993221868522483e+02
2.151017684388710336e+02
1.978693544476522845e+02
2.386859870995944846e+02
1.342375397941559640e+02
2.142841277480301017e+02
2.471276145904050452e+02
2.046262791607372264e+02
1.849926330767083300e+02
8.561074734403788966e+01
2.232345436192877344e+02
2.175259212343642616e+02
1.821711804272167683e+02
2.287536141639004938e+02
2.018651272068245532e+02
1.904602658142756013e+02
1.236444658788261677e+02
2.312229711924279911e+02
2.123475945206385802e+02
1.950739294272682969e+02
2.369033753396650184e+02
2.012199902715815654e+02
2.389447656097650565e+02
2.408289669837865574e+02
2.408751376780697626e+02
2.307386384140814641e+02
1.998507844245075660e+02
2.217522591749944354e+02
2.346103478752992260e+02
2.076272363644102370e+02
2.290168581847132714e+02
1.145261779620054767e+02
6.017628457565232480e+01
2.217867285762948768e+02
2.301725302774250679e+02
2.344572644413125886e+02
2.208023197206541965e+02
2.126991762836387920e+02
1.696951613196756909e+02
2.219548591054199278e+02
1.096587599295722271e+02
2.271961660239635989e+02
8.464623629534156635e+01
6.622972100376172477e+01
2.372461376493406817e+02
2.432845593609869752e+02
2.004073500078486063e+02
2.331920254553974132e+02
2.282840340454486636e+02
2.036411433613733664e+02
2.433266635950645309e+02
8.384798139411873308e+01
1.098094083545736197e+02
2.117846661691785073e+02
2.247013174920158463e+02
2.049366963808200808e+02
8.957012162938990230e+01
1.467766467290295225e+02
1.951098344358349834e+02
2.220817889662263553e+02
2.379443675395889670e+02
2.322013134799951217e+02
2.490818046901212881e+02
2.489274150922121009e+02
2.383959072526025125e+02
4.389580379126130083e+01
3.095752793977912987e+01
1.978064124946221796e+02
2.218590609673939298e+02
2.193130763476470975e+02
2.075474117155527836e+02
2.518455318225850590e+02
1.995942906595735735e+02
1.535334798841547297e+02
2.495330419201473759e+01
2.299114152103653339e+02
2.265354266928892173e+02
2.079606751959474593e+02
2.278193299356504724e+02
2.236668214850466825e+02
2.567697617743217506e+02
2.331940163772882784e+02
2.273812091487698694e+02
2.070491813962222523e+02
8.998049527233125389e+01
1.860931751284343534e+02
2.290860470687590293e+02
1.889693509538298599e+02
2.375409087457983617e+02
2.083740275698143023e+02
1.879848897604636022e+02
2.215598252904323999e+02
2.379912205806601548e+02
2.009202277612464513e+02
1.766121408835615014e+01
2.598751341893740801e+02
2.226315204886246875e+02
1.735265675150691038e+02
1.993457131319634641e+02
2.477527861130173221e+02
2.265839374977547038e+02
2.210567958253337224e+02
2.125507339448674031e+02
2.073652424870168716e+02
2.251035799919688429e+02
2.374454323357396390e+02
2.184922222483236567e+02
2.919578361853116917e+02
2.232755933227565777e+02
2.386333535636512977e+02
1.740310441268379975e+02
1.838131136975130460e+02
1.952606224102323722e+02
2.348495847511399006e+02
2.176291070280117310e+02
7.020727047280227850e+01
2.173286208777963679e+02
1.834711272776799262e+02
2.269647389270705276e+02
1.034243439568864176e+02
1.163258560509419368e+02
2.243237144025615635e+02
2.285584415828647593e+02
2.441568466922186360e+02
2.145213152842418083e+02
2.093699846159312301e+02
2.072046045353914678e+02
2.493941155449815028e+02
7.905114113516169994e+01
2.012921171562721838e+02
2.368111131874561579e+02
1.992924352855810071e+02
2.252456227763793493e+02
2.001643551373383332e+02
2.263471803010939993e+02
2.109506919482506930e+02
1.008420356715284925e+02
2.503001936474408353e+02
2.338358132079179654e+02
3.099763074097735966e+02
3.181287419997389634e+02
2.229856636200571813e+02
2.316450187964969984e+02
2.180146703414180251e+02
2.154952537418618306e+02
8.947862182060291047e+01
2.164009223503421140e+02
2.133332263363525954e+02
2.386540240654713330e+02
1.773004849519003301e+02
8.120249369513922488e+01
2.270023510817745205e+02
2.072094722077931976e+02
2.021265252095827805e+02
6.719947024304470062e+01
7.654587994686087882e+01
1.987636013839564555e+02
2.346699610530983762e+02
2.639803255920244283e+02
2.068615493361217261e+02
2.246613928665153992e+02
2.519284893621490369e+02
5.016529775570381133e+01
7.032960560194793231e+01
2.079560107691117992e+02
1.205696142186173745e+02
1.881179549640752384e+02
7.296675978432401166e+01
2.975684896649076450e+01
2.330690421480550754e+02
2.266547985523006901e+02
2.108013156416666902e+02
2.306417568049079705e+02
2.369695430928581743e+02
2.473402643616839214e+02
1.030253496538462201e+02
2.385058330640902966e+02
3.572523796202455628e+02
1.758461471549669852e+02
2.440305439247802326e+02
2.517411927616032870e+02
9.038648299781696949e+01
3.439404554319483509e+02
1.353120676319870483e+02
1.873566219098642875e+02
1.979799836630501204e+02
9.146898120296780732e+00
1.909901350064255610e+02
2.029050243276227832e+02
2.203837003668963064e+02
2.546699169141832897e+02
3.270647254978935621e+02
1.988698603004390293e+02
2.098401289842078370e+02
2.046699185462412913e+02
2.378664843502384656e+02
2.544525498602479843e+02
2.129076107717700097e+02
2.480788367611858689e+02
2.000984063489751748e+02
1.264213938499443799e+02
2.083029421564081645e+02
2.332251143310338932e+02
2.232167613541425339e+02
2.030828347378183594e+02
2.115072473551785208e+02
1.027602455692960746e+02
1.957540571535709830e+02
4.256872404573547897e+01
2.443056448532152558e+02
2.504388553181737791e+02
2.430406865319604890e+02
2.269557650165523057e+02
2.467423542758345434e+02
2.635467431970294570e+02
2.472731517726559503e+02
2.092016772007964960e+02
2.280881904646311114e+02
1.346247788246386961e+02
2.621497086234656990e+02
1.992261244465621814e+02
1.957174742952337567e+02
2.320549256724260374e+02
2.271094165269384177e+02
2.183782990094442198e+02
2.050461042322190508e+02
2.317438904490668392e+02
4.760346505165389885e+01
6.144736855009648480e+01
2.452363750900777859e+02
6.342598642294655065e+01
1.938305116537428887e+02
2.290297897993772551e+02
2.078161174740408796e+02
2.393474815187962861e+02
2.122082749442555212e+02
2.306829888079775515e+02
1.914172759882402772e+02
2.244330982103280974e+02
1.290458647388200859e+02
1.343123856916306238e+02
1.756224227488390568e+02
1.676455759431810009e+02
1.800956020011069825e+02
2.439605962468380369e+02
2.002329170259519060e+02
2.370052034415243725e+02
2.252949780698548068e+02
3.277706781601296484e+02
2.354116345405231812e+02
2.487949660826046454e+02
1.968859936356639366e+02
1.125520196759445639e+02
2.234087022093125370e+02
1.974733831837698119e+02
1.970299581870870327e+02
2.181637231725071047e+02
2.133229158062838451e+02
2.325806534195180859e+02
1.888800347446582748e+02
2.357533237606347711e+02
2.503744534709108791e+02
2.518065673396795603e+02
2.011743946364990450e+02
2.248511094003886512e+02
1.794823622063820210e+02
1.454029943846537378e+02
2.321595477051910166e+02
2.118379516717180309e+02
2.160852522183693338e+02
2.253933829317288087e+02
2.145629197354992641e+02
2.161024264132761061e+02
2.078263822904738447e+02
1.963500134463126585e+02
4.693297949503867983e+01
1.991909668172748979e+02
1.892143437096111427e+02
2.155441027272212295e+02
1.813942821240727312e+02
4.148300685127277632e+01
2.120010572501288948e+02
2.263457207549117527e+02
2.300385642830707127e+02
2.483929403698967349e+02
2.064649341987161790e+02
2.521958365574620018e+02
1.940217175188478507e+02
3.285855069272540874e+01
2.091992852236867009e+02
2.105110514798879819e+02
2.136828659845835716e+02
2.411747176010376847e+02
2.213429896541366872e+02
2.435918690135711984e+02
2.465037240621957437e+02
2.547074981531331446e+02
2.093478330568229637e+02
2.152914544952595293e+02
2.331844642395964797e+02
2.085643895137702089e+02
2.319266753670652577e+02
2.960596587013352377e+00
2.150452883190783382e+02
4.585366195928068578e+01
8.094554275167257629e+01
2.074186906816686076e+02
2.463388004599765679e+02
2.568141971236738641e+02
2.332349448727310914e+02
1.751136100816686110e+02
2.010676966729975561e+02
6.730664508777547894e+01
2.491211147049940848e+02
2.422546444166117965e+02
3.291650842580655194e+02
2.592022307359610522e+02
2.053378651552994825e+02
2.436795343117915991e+02
2.068701164569537809e+02
1.978992927021487276e+02
2.153116271810891647e+02
2.246076967935105131e+02
1.917891854601706996e+02
1.735291892363119075e+02
2.100639643830509158e+02
1.969151770425241068e+02
2.708360073424776147e+02
2.309471425801875171e+02
1.300381993609551330e+02
1.757411226700781697e+02
2.044579877482644577e+02
2.179243978194390365e+02
1.029811892275555891e+02
2.409754018377819591e+02
1.303805327635168396e+02
9.433266640833862482e+01
4.022352095890982326e+01
2.441437359134397411e+02
2.604605151416276385e+02
2.414936977554025646e+02
2.246271630451161911e+02
1.903954734777640283e+02
2.594607221650338715e+02
2.720198329417648324e+02
5.542037133656765491e+01
2.218579017823935260e+02
2.472051149178929279e+02
2.331571300469125561e+02
5.675063415278213341e+01
2.104062850881575741e+02
2.229311613236071707e+02
2.180656039798556947e+02
2.237552718388939184e+02
5.713033996860190200e+01
3.391131472418215935e+02
2.384864036229052431e+02
2.136990089073854904e+02
2.385213194138970039e+02
1.661295986990629103e+02
1.866470596939894904e+02
2.164563085247782794e+02
1.965693495991040152e+02
2.109233614582146288e+02
2.477588721419379283e+02
2.546127882739093025e+02
2.165658190184177272e+02
2.040891111112757983e+02
2.190465829779094804e+02
2.131071015034698917e+02
2.083221999002319080e+02
2.164002956336196917e+02
2.433949571973049046e+02
1.384529642976837067e+02
9.700526445121342078e+01
2.137476060302099086e+02
2.052555236672199044e+02
1.872966908245116144e+02
2.440955563785544484e+02
3.194334663273133970e+02
2.119340548823820995e+02
1.986456463549860132e+02
1.384232243263055580e+02
2.262642715108999028e+02
1.889291144345453688e+02
2.019187956882195465e+02
2.111190871348198641e+02
1.175544129912721587e+02
2.323381942177643396e+02
2.601830447954606598e+02
3.057445642263961076e+02
2.405244982987674973e+02
2.239698124079079946e+02
3.019026910298946973e+02
2.104679743539285539e+02
2.047319331400912006e+02
2.285087774598029569e+02
2.383536818078156330e+02
1.298685784651037878e+01
8.163511439406387638e+01
2.361285814413926687e+02
2.094741952656621606e+02
2.323718175645731776e+02
2.177886716728501142e+02
2.230592661691163130e+02
2.406695374478242684e+02
2.193450700104081079e+02
2.487133958724043623e+02
1.812445594871595347e+02
5.862719106218413145e+01
2.322019573182155057e+02
2.317632711120602096e+02
2.499965993719766004e+02
2.202212738934692311e+02
2.693157911442147565e+02
2.576786981885711612e+02
2.040696297411281819e+02
2.313170248731598804e+02
2.016370362931415912e+02
2.253861237608548436e+02
2.213214003255453122e+02
2.238659656913038702e+02
5.257803116930038101e+01
2.252381157413468884e+02
2.402209847525572570e+02
2.431725488445744361e+02
3.116314017734341064e+02
7.004523720820778010e+01
1.748452096844675054e+02
3.068422091712805013e+02
2.253867341595369851e+02
2.362465866218433632e+02
5.106933226826647143e+01
2.420256923351809633e+02
7.693321891473753738e+01
1.348167753772144195e+01
1.024899851376037816e+02
1.252705530021970475e+02
2.237193247868369212e+02
2.179624951846105887e+02
2.496732734540482568e+02
2.324141896323189087e+02
2.171648807275101944e+02
2.330655273880855134e+02
2.226470089999516517e+02
1.836103514145869156e+02
1.984745029873259057e+02
2.045770136613899126e+02
8.763963292004099515e+01
1.401058043249401521e+02
1.558509566562836142e+02
2.136407962446035924e+02
2.520070598425528487e+02
2.081981873192379453e+02
1.912606940855356470e+02
2.501582765106711292e+02
2.528403974490848327e+02
2.396404771397613729e+02
2.330920169612048767e+02
2.206875673202373775e+02
2.416708023620836627e+02
2.524341908588333467e+02
2.167203428270017014e+02
2.135154451578908663e+02
2.391169862869547273e+02
7.463424206727039234e+01
3.198357358191771596e+02
2.137810965604838884e+02
2.046764606714814363e+02
2.898071032368246591e+01
1.738125244809925505e+02
1.917815980645010256e+02
2.254181012892318563e+02
1.904758384112540170e+02
7.307838497936984368e+01
1.965918878286451275e+02
2.271178419738596119e+02
2.219758791196611867e+02
2.596289335491911743e+02
2.238932472749964404e+02
7.871428947767502393e+01
2.253807681437514532e+02
4.887055279382653339e+01
1.868614454972676526e+02
2.364407359512267135e+02
2.667503742972007785e+02
2.386271304756326970e+02
2.347885027481116538e+02
2.233901003554565534e+02
2.305671826875405941e+02
2.233257800905155221e+01
2.487398120610513104e+02
2.184926155570370838e+02
9.856773334132931552e+01
2.273932616898949846e+02
2.055200470976953397e+02
2.285430974061758889e+02
2.356047501192868765e+02
2.321266408828203396e+02
2.215829562238430981e+02
1.410005490271429665e+02
2.516539009195353458e+02
9.041924120233711903e+01
1.885754395843767668e+02
2.553844562312519884e+02
2.195268559353958153e+02
8.612573476562525343e+01
2.065286760747010817e+02
7.568017404741877385e+01
2.029204381408197264e+02
2.472630192417986450e+02
2.390226853553503190e+02
2.042043686406897507e+02
1.443069695459309969e+02
2.142767073167909189e+02
2.145129937691058331e+02
1.996129160368519706e+02
2.212459722218879392e+02
1.913659495455428043e+02
2.370079517673215150e+02
2.655307558860160952e+02
2.444364610376320286e+02
2.179117771758441222e+02
2.249990052762878747e+02
1.376339637228104493e+02
2.136094633362113484e+02
1.902128438027188793e+02
2.346312443677335864e+02
2.594879253253999991e+02
2.490104663956366267e+02
1.882224107131748383e+02
2.200502825171932386e+02
2.110191695940409602e+02
2.627091108123441359e+02
2.123264371040028777e+02
2.314226735535427508e+02
2.075147026284083722e+02
7.574236748562282173e+01
1.163460493370099158e+00
1.812966526335411004e+02
2.524024723080409558e+02
2.115570709432626586e+02
2.174449561276563259e+02
2.084242340772040620e+02
2.541100585794904703e+02
2.114287544680145743e+02
2.011693216647103384e+02
2.228472649699856447e+02
2.210258929636134155e+02
1.981494449248194485e+02
2.018563016212866046e+02
1.115813099375725415e+02
2.330516649990732674e+02
2.475188107666018595e+02
2.355749048684196225e+02
2.008469654294449072e+02
2.326147363363616307e+02
2.387474641977692897e+02
1.756604923617954626e+02
3.020649612569900100e+01
2.069269831812407290e+02
2.472675458852779684e+02
2.550581533749245580e+02
2.016488284439510039e+02
2.236550057001705056e+02
9.107266810219921638e+01
2.106371625505232714e+02
2.529037932674190756e+02
2.337862640646005730e+02
2.354501054188305602e+02
3.038389862395084506e+01
2.353127727761198003e+02
2.108771578666063817e+02
2.096644610242302065e+02
2.374749798465510651e+02
1.925714287726460725e+02
7.159458772946854310e+01
1.315263082925486628e+02
2.817251027326942108e+02
2.383752927193967821e+02
3.023954488828498484e+02
1.093925029739792194e+02
2.411041226641143851e+02
1.037838994034166546e+02
1.934799183391690178e+02
2.271639661307534652e+02
2.173175852445383498e+02
2.228458860370791399e+02
2.596405360004341674e+02
8.431177003011644899e+01
2.340167914019874900e+02
2.020820948413353904e+02
2.298549571897403325e+02
1.858027009036001118e+02
1.959454396531531586e+02
2.062028212360684165e+02
1.341644260371226665e+02
1.583165583083393528e+02
4.353596361885179533e+01
2.142955772998117538e+02
6.984476793496307323e+01
2.630296087102233287e+02
2.191948215565315081e+02
2.207870938939541929e+02
2.282771703833595609e+02
3.435942808935861308e+02
2.125438771935455406e+02
2.323416356578276520e+02
2.200175053885169518e+02
2.165952483206706916e+02
1.743542261376229874e+01
4.003233864549127929e+01
2.149253217366465378e+02
2.052730620040848351e+02
2.919570805641951665e+02
2.247472411997432005e+02
2.630496092976432578e+02
2.472848326349443653e+02
2.470561137642470442e+02
2.310524527306465075e+02
7.633809166782788225e+01
2.050439371410455749e+02
2.283413863678183020e+02
1.156583013593146489e+02
2.260744184595766626e+02
2.164952996708486239e+02
2.233366483740019532e+02
1.949241885550484881e+02
2.008333170434348744e+02
2.355838421540633192e+02
7.127734842205740051e+01
3.495686127624687742e+02
1.894976684751439109e+02
2.272544021998529047e+02
2.404326248304030571e+02
1.135305157341881284e+02
2.372075512366457701e+02
1.751718843876793983e+02
2.113001009165680841e+02
2.284632731280875646e+02
5.395923014859110367e+01
2.342747187235261777e+02
2.309354753968775356e+02
1.975561446782081987e+02
2.211950076168830890e+02
1.853161692437932118e+02
2.348936694816278532e+02
9.134101985784452893e+01
2.213450242070412628e+02
2.283213089555131035e+02
2.206240872284260774e+02
3.235173886607759073e+02
2.159023120642713991e+02
2.090808743831861989e+02
1.261868510606610130e+02
1.652292718232436926e+02
2.343064027438073538e+02
4.408873538894774669e+01
1.936639825836930129e+02
1.990125503465245913e+02
1.874338739661254394e+01
2.337724970678147258e+02
9.572479405012333586e+01
2.031052243818926968e+02
2.140792454223132211e+02
2.253142487893708505e+02
1.849842843152704006e+02
1.198738395091233855e+02
2.005934187510767401e+02
3.265839318910595921e+02
2.285133527479388249e+02
2.207372056407163257e+02
2.195379203985310710e+02
2.152517722122467489e+02
2.615061799931125393e+02
9.679366644901968186e+01
2.628354630467492257e+02
2.509376010057456199e+02
2.156094312699557634e+02
2.156754943625738861e+02
2.285373505144561364e+02
1.991829679845867531e+02
2.533669915144183449e+02
2.296757231898919542e+02
1.957371139888660991e+02
2.494854027919975863e+02
2.015343925795663154e+02
2.545371016745386044e+02
1.858487263084655865e+02
2.394549444787444941e+02
2.347726135422377922e+02
1.881417639772849952e+02
2.059950327136743056e+02
2.135414954830503405e+02
2.220269361419704239e+02
2.304730548195127824e+02
2.547511204672516669e+02
1.992720222305286768e+02
2.406006632188709489e+02
2.249705586349893736e+02
2.270351316418765748e+02
2.488154485004676815e+02
2.031312942754431958e+02
2.137694304484415397e+02
2.043209620788024239e+01
2.357427602280394581e+02
2.523275925739038144e+02
2.328571591118140702e+02
2.048392142958853697e+02
1.890464022239076201e+02
2.995997305855401578e+02
2.190293944960173462e+02
2.377206819478642501e+02
2.077393952162647679e+02
1.221571087484161069e+02
2.349784707243781838e+02
2.521929575136114750e+02
2.078345890384210293e+02
1.763375670052507473e+02
2.054988344204444957e+02
2.382054401424306889e+02
2.517193112647719602e+02
2.444845490659620566e+02
2.444807765690526651e+02
2.377466074730885168e+02
3.950754640265814288e+01
2.041357947868197584e+02
2.557265397495493175e+02
2.207735406462144923e+01
2.628098262046115110e+02
1.823080826632501612e+02
2.153283488862409740e+02
7.334277486412067049e+01
2.154554464108474860e+02
2.179086072624075712e+02
2.476002866979416979e+02
2.344274781370064886e+02
2.055211350630769402e+02
2.515385235774893147e+02
1.462425707199245650e+01
2.214668577221330850e+02
2.301500779169690247e+02
2.250281977129334905e+02
3.218215680437506876e+01
2.313134124318841884e+02
2.010542688836701188e+02
2.100409899880002911e+02
2.690945781172951570e+02
2.127957281771929843e+02
2.570110462734155732e+01
2.109375880561475753e+02
2.417455931417233046e+02
7.599959137531502051e+01
2.592371329355439116e+02
2.264392789434427300e+02
1.208880611339983204e+02
2.331914246190447955e+02
2.071653078556329604e+02
2.143193526893411729e+02
2.568664040191691242e+02
2.594187517338210682e+02
2.528615380792212761e+02
4.728735473638403164e+01
1.907861956557042902e+02
8.682434802128744877e+01
2.046949816694831270e+02
5.036167752841387824e+01
1.717039758076950591e+02
2.411607631408127759e+02
2.207870187898219001e+02
2.206828124061271978e+02
2.527756592155630244e+02
2.358906212132658027e+02
2.026327866014131587e+02
1.758467968426456594e+02
2.146940485598461237e+02
1.842043085693742626e+02
2.374697555181298583e+02
8.799294794513765794e+01
1.876954626965414263e+02
2.203366343807087162e+02
2.584942021081637904e+02
1.914394582654865360e+02
1.996752611257492163e+02
2.045034209821048705e+02
2.281635753462534240e+02
2.532777750577971574e+02
2.374070313833684338e+02
2.447843279452552281e+02
3.602390862504810087e+01
2.227669898211742918e+02
2.095159993761579926e+02
2.056297543305657030e+02
3.075374426100787559e+02
2.166481973590606458e+02
2.135774459921329367e+02
2.007886059995468599e+02
2.113217369753454591e+02
2.057512345357637287e+02
2.009329902540324042e+02
2.212752205394874352e+02
3.128026172299361747e+02
3.860648404218162000e+01
2.221099228932264964e+02
1.977592970254606541e+02
2.228305729125036692e+02
1.908767540279135915e+02
2.038668788023009313e+02
9.471534889355528719e+01
2.308924190541306700e+02
7.912717859539507970e+01
8.715722784703672232e+01
4.764082512781351397e+01
1.403268788474063342e+02
2.191992308027307672e+02
2.223362643902470666e+02
2.613433155514940722e+02
2.238441235556552158e+02
6.331750053708778836e+01
2.334560309073355597e+02
-6.207121640584670530e+00
2.055886068940174880e+02
2.533660076402221648e+02
1.973879247959496865e+02
7.123213467208414329e+01
2.257954830515419928e+02
2.166696311391949052e+02
2.213606653676167753e+02
2.510064537707333443e+02
1.808257841382883839e+02
1.114002839138384928e+02
3.130986516014120866e+02
2.480945905197557693e+02
2.614990865977139265e+02
2.310926867038888872e+02
2.534903178628021294e+02
1.900304387849131729e+02
2.150051223129869413e+02
2.330078245524281328e+02
2.218486039961807137e+02
6.260838087286000331e+01
2.063996446155227602e+02
1.926069822765786341e+02
2.292930299401218974e+02
3.713565115897813484e+01
1.780429671211708467e+02
2.494392304006876770e+02
1.868920353935554886e+02
1.834901528081413176e+02
1.203901833274042446e+02
2.094955917073038734e+02
2.029877195038123716e+02
2.471739373881297013e+02
2.399907306181600006e+02
2.377303147923346103e+02
2.113839937159449391e+02
2.496720841136494187e+02
1.611992500120167620e+02
1.992689081408901188e+02
2.603876047568467698e+02
2.221907234619069698e+02
2.035607963892282726e+02
2.459588399514498178e+02
1.585438586304116484e+02
2.058376867440307763e+02
8.680287977573502189e+01
1.466349390449326791e+02
2.008801615928102535e+02
2.177375281066624666e+02
2.030115932177178024e+02
2.024184479067906750e+02
2.444924135407448489e+02
2.234040266674545023e+02
2.294261612547093137e+02
1.627316692877408286e+02
8.904145636613230863e+01
5.154646294255316263e+01
2.462128789915395259e+02
2.149941670438851133e+02
2.377524851062366054e+02
3.182675089651294229e+02
1.997507086105156873e+02
2.067474777167840330e+02
2.598071405715176070e+02
2.216668925516655690e+02
8.288784974966776531e+01
1.953428247463480147e+02
2.035376020311729803e+02
2.286945027021305634e+02
2.773882572147722954e+02
1.209526681139168858e+02
2.305891631387280256e+02
2.338921945768286719e+02
1.962920704350619872e+02
2.080317067223491279e+02
2.151435869161051357e+02
2.932216054978612192e+02
2.791065915019307226e+02
2.367832754237011557e+02
2.308811064201638601e+02
2.844904163387589620e+02
2.328668821924343320e+02
2.430180373899733013e+02
2.033099841094722251e+02
2.533086957559392545e+02
2.370452537520590113e+02
2.345575778413140142e+02
1.598200393157755173e+01
2.369100956364266324e+02
2.274736968120855636e+02
1.875454209526288025e+02
1.911648237159647579e+02
1.884476898191431644e+02
3.306214422178080525e+01
1.966472727613605116e+02
2.170731750836064577e+02
2.317671904705231043e+02
1.840939487472296605e+02
1.858622688440000843e+02
2.419753219128481021e+02
2.249976658874920759e+02
1.952520711104125724e+02
2.502562771370245969e+02
2.056136056677850092e+02
2.326622117765071209e+02
3.275089508557926479e+02
2.353722590924574831e+02
1.016303841676245128e+02
2.440218532255187824e+02
2.094359873523269755e+02
2.234965376911882515e+02
2.439869606041386305e+02
2.553047235093042957e+02
1.780166473370848905e+02
2.483541148421289222e+02
9.928606770943838455e+01
2.562679961643803495e+02
2.512961153273671187e+02
2.309765061839916314e+02
1.107966476428786962e+02
2.152132359347800730e+02
1.337730984670270971e+02
2.485109128357268844e+02
2.509068072002964698e+02
8.263365664809892053e+01
2.057915882318832530e+02
2.538377861693248292e+02
2.300509543307215949e+02
8.470429894755970679e+01
2.090483755568662900e+02
8.900081919525618446e+01
2.063434885382649497e+02
2.248776677995654154e+02
5.685228130369796418e+01
2.047915735816943368e+02
2.035914153110923053e+02
2.201485551314326585e+02
3.304247433823204005e+02
2.311307072271299887e+02
1.948268533278595953e+02
2.448609295064439380e+02
1.141377439101045894e+02
1.782426741671260686e+02
2.009091298728992285e+02
2.389633480729898452e+02
2.016547796890474729e+02
2.009966619954468570e+02
6.971151744376341242e+01
2.635361637165646016e+02
2.350357996760220374e+02
1.582132414765592046e+02
1.343827950619686646e+02
1.226533826091787205e+02
5.211808752958741309e+01
1.924056773695517393e+02
2.492581482127390302e+02
1.063366293041009811e+02
3.534853723358899629e+02
1.911187528879275987e+02
2.605428162443940323e+02
1.300348179265524209e+02
2.474990462233562312e+02
2.268296347512369664e+02
2.124718955273584697e+02
2.335044554292789769e+02
1.906799288798643772e+02
1.950470574188705086e+02
2.212433115157744510e+02
2.280284491838995677e+02
2.466675675941054635e+02
2.073058811592804602e+02
8.561201314858911360e+01
2.453801226775875648e+02
2.232206179872832763e+02
8.709604958678595210e+01
2.004998260705772850e+02
2.896256836128735586e+02
2.969458839045779541e+02
5.779976370667650798e+01
2.334823041864534048e+02
2.217562342177229766e+02
1.904493342426016511e+02
2.487060825868761640e+02
1.418200650255573692e+02
3.030366897398823767e+02
2.314124334735904824e+02
1.968401900915221745e+02
1.970576808909177942e+02
1.825168658861706774e+02
1.898514279708883237e+02
2.243754025701052797e+02
2.195295525071940403e+02
2.061088350940959231e+02
2.435969645139380191e+02
2.534119269264564593e+02
2.216653700849076927e+02
2.095989050340360791e+02
2.288242773877066725e+02
2.433188964692166678e+02
2.656039928350747346e+02
1.831522181022750146e+02
2.295666313766289477e+02
2.034828920679244391e+02
2.271810953154401034e+02
2.211248198667505847e+02
1.900424938633447312e+02
2.902370485444259316e+02
2.126457518483247497e+02
3.589705968706967099e+01
2.478288787617468358e+02
1.498241754314297225e+02
2.196729966713322142e+02
3.600152941178723154e+01
2.632074894643943708e+02
2.924785588087800079e+02
2.388760541765680330e+02
2.040446801556738308e+02
2.083241833880680360e+02
2.340821475048043112e+02
2.455395583340730639e+02
2.547602889997108946e+02
8.483212272083162020e+01
2.563784761348715620e+02
7.061415966838713132e+01
2.098418543071735201e+02
3.082269091402104664e+02
3.023069827306610478e+02
1.690544873247898181e+02
2.371409666539910575e+02
2.630946688412342738e+01
1.830993680450980321e+02
1.965453961935692462e+02
2.056052753554154151e+02
2.522507131716803883e+02
2.427813871462637110e+02
2.095798180561511401e+02
2.284048604648239404e+02
2.177674187113408948e+02
2.026627877430450440e+02
1.500868931894623586e+02
2.274219077209071429e+02
2.326961356488675392e+02
2.922744186586419914e+02
2.229873669793477404e+02
2.504311800257215452e+02
8.264382465980592940e+01
1.956512757527666224e+02
3.542572081290456367e+02
5.958655338863412965e+01
2.311408107497124718e+02
2.410834621764572319e+02
2.594893331878855065e+02
2.282994267624315796e+02
2.282904306248329362e+02
2.314978486623269589e+02
2.462468332384142116e+02
2.263348382355141837e+02
9.870964422186763443e+01
2.243687802772135456e+02
2.259542787055931115e+02
2.047788284968301014e+02
2.386880648455287428e+02
2.142887492743421376e+02
2.150718539709892809e+02
2.850484626360594120e+02
2.338102939392387327e+02
2.485472914606866368e+02
1.203491619094438079e+02
1.173996699799251218e+02
2.440898947583758627e+02
2.669350708503831129e+02
2.074239750763795200e+02
9.179775599223022198e+01
1.991289593449780853e+02
2.557720854958083692e+02
2.159163693329987836e+02
2.152389256036839527e+02
8.601418464996184809e+01
1.956794797856681782e+02
2.454568299712327644e+02
2.065391205170711260e+02
2.390073835190293323e+02
2.352626479522035368e+02
2.294952844635305667e+02
2.020238408927440332e+02
2.303649045799143948e+02
4.909323991820377842e+01
1.957369443916340117e+02
2.047594538182500230e+02
2.636124670697061561e+02
2.892711967784449030e+02
2.501537844510014565e+02
7.366120660782330276e+01
2.202570488816383829e+02
4.473876096246333844e+01
5.262298621532332987e+01
2.292758105712756276e+02
2.219801092709081161e+02
2.294875789477360399e+02
1.951308234879027452e+02
2.040738918154922885e+02
2.250122686868082553e+02
2.124868978737494842e+02
7.830582323320682292e+01
1.891061965930729798e+02
1.106790207999466134e+02
2.309248257306509799e+02
1.959847486527914100e+02
1.881781514871111085e+02
2.029881872528892472e+02
2.422461407041243433e+02
2.535191898103441019e+02
2.140135065392783815e+02
2.404744159611876455e+02
1.900030312794868337e+02
3.174782242177572584e+02
2.378024761559603633e+02
2.443678178326768489e+02
2.288823051744447810e+02
2.008285884397477332e+02
2.084577114421307442e+02
3.046531016949585933e+02
2.405657956019190920e+02
2.097967759099003047e+02
2.475180552801082854e+02
2.500374062282244267e+02
2.420052817588947107e+02
1.556513867596821115e+02
1.318829160435501251e+02
2.274708532596658870e+02
2.353707488562133108e+02
2.291926158313118833e+02
2.056634113486810236e+02
2.382462895498471198e+02
2.405971798957799876e+02
1.767943847515508367e+02
2.573501701761130107e+02
2.351856267881373128e+02
1.991203393862476219e+02
2.115830979112033106e+02
2.004941077791630448e+02
2.018067089382546442e+02
2.621786821976808710e+02
2.389414254308560714e+02
8.086898127204871400e+01
2.172197835943789244e+02
2.318241935730293335e+02
2.036090410373338244e+01
2.376227795083432568e+02
2.422494188257540486e+02
2.273529707330202143e+02
1.893786802844643091e+02
2.137665585731712099e+02
2.191967344633897312e+02
2.994484012155687083e+02
2.177915861460588189e+02
3.078012040389276649e+02
2.166740252589383715e+02
1.121919155452201551e+02
2.281672181373575654e+02
2.543385866730576481e+02
2.427534894154350127e+02
7.518271526303055907e+01
2.152966539929392695e+02
2.119234500784145041e+02
1.188926827422413339e+02
2.385266769122767698e+02
1.342094778745435519e+02
2.448140554666007063e+02
2.173406802695823501e+02
2.092905386224232700e+02
2.288970313970883979e+02
1.928703515899325396e+02
2.241309427954704176e+02
2.234121317815103680e+02
2.463144504805018187e+02
2.039417682953800295e+02
2.101508370585595742e+02
1.966488256198013573e+02
1.985161868767171427e+02
2.274674293676002037e+02
2.450008957513293808e+02
2.159401343113077871e+02
3.206565065270593777e+02
1.994227696979106668e+01
2.020802343401972792e+02
1.887945015319931770e+02
2.293613819414277089e+02
2.232132004659789004e+02
1.658270550535402776e+02
2.036675864123273527e+02
1.992685084846187067e+02
2.334178470414766196e+02
2.194853255143366084e+02
2.161116686171668277e+02
2.297614358255050888e+02
2.058975442519080445e+02
2.118612889046580960e+02
2.274105425180706277e+02
2.484518857558702507e+02
2.140383758451705489e+02
1.552199048439655371e+02
1.990303177375288897e+02
1.952793149710917362e+02
1.656111282823183473e+01
2.391085994319695658e+02
1.195788668465434910e+02
2.257946558832085486e+02
2.227739461163847636e+02
2.081315008091252139e+02
2.324132494795339881e+02
2.218419932932876293e+02
1.977190689591717785e+02
2.338620145741735428e+02
1.378025611502628749e+02
2.165227425773531422e+02
2.398399585180724785e+02
1.845335544726183343e+02
2.356844936761476959e+02
2.154156217732660252e+02
2.288079972236982371e+02
1.975696863649465342e+02
2.163859668286669091e+02
2.107465406884510344e+02
2.361048178362311774e+02
3.002003304535505777e+02
2.114626248914093196e+02
1.803018184795284924e+02
2.849186488443947596e+01
1.796915152430104285e+02
2.015946619086288933e+02
2.270472250529341238e+02
2.451354520702396940e+02
2.463817659726844056e+02
2.298391237680123140e+02
2.295553437103949932e+02
7.902938980901700461e+01
2.455516853160752078e+02
2.018518805137587719e+02
2.348447899723830687e+02
2.386843218080088604e+02
2.307082860993561724e+02
2.387431149556053924e+02
2.133677460123698211e+02
7.868939147505849974e+01
2.268290123008262071e+02
6.342604268205383988e+01
2.417363474251376090e+02
1.150771792286551971e+02
8.310622393637750349e+01
1.843815042566588431e+02
9.544495004348263478e+01
2.239347645671363694e+02
1.417478782515097464e+02
1.952851329564738023e+02
2.422338947053607114e+02
8.380402271830674010e+01
2.875229413117458535e+02
1.433345960091471056e+02
2.463425307580994001e+02
2.094320915792944788e+02
2.429933187148805587e+02
2.370650651438269563e+02
1.001030832741637511e+02
2.243271663128727766e+02
1.972535379516171474e+02
1.990613862778702412e+02
2.729727015308567957e+02
1.989710478375912714e+02
2.192934917975048563e+02
8.402446992186266073e+01
2.368273749442787164e+02
3.254674785813149924e+02
2.211766419375401256e+02
4.061276374062536121e+01
8.935659830579938046e+01
1.539987295173406778e+02
9.897726700690762414e+01
5.963276454583358799e+01
2.550147529983877916e+02
1.323035047429477800e+02
2.051671247093045736e+02
1.682312019137463110e+01
1.355211997001289888e+02
2.241407498571889221e+02
2.364250386669372404e+02
1.646523080420853660e+02
1.889222050741840064e+02
6.634674118956037603e+01
2.310454691430838636e+02
1.875825842214024988e+02
1.942250811653903497e+02
6.700118393151107909e+01
2.381614626962980594e+02
9.688116893496666648e+01
2.347720855995642921e+02
2.680443821972725118e+02
2.041991014734990415e+02
2.088323586393873654e+02
2.301267876479602705e+02
2.123935121010174782e+02
2.252445239746959089e+02
2.204884408461302314e+02
2.370471087062309721e+02
1.000677658296122843e+02
8.463208248690993685e+01
2.088964961309319222e+02
2.464323281326110759e+02
1.617329756436890307e+02
2.091726413177208883e+02
2.468643170426005327e+02
3.256399585899245608e+02
2.695115514590983707e+02
1.315128415706424505e+02
1.235429280395255773e+02
2.337268485084680947e+02
2.316606144360025610e+02
1.692960084281639581e+02
4.185892955227898682e+01
2.043363649620617650e+02
2.037656484628485316e+02
2.055220389474999081e+02
3.061430878357563756e+02
2.280905260894066657e+02
2.170269568715251012e+02
2.331515660250084068e+02
2.569043755820698038e+02
2.170668290712447401e+02
2.001941043837987024e+02
2.422727093213361513e+02
2.302078794317800998e+02
2.210510737788046640e+02
2.045295824447900941e+02
2.438126433316848818e+02
1.891706396645280392e+02
2.258843406936907741e+02
1.419378661230485648e+02
1.043714954621201656e+02
3.364683534406933063e+01
1.889383662592239261e+02
2.063729791568559335e+02
1.880652009628305450e+02
2.445093856488446136e+02
2.062243238036763273e+02
2.317866287382808537e+02
6.383617094872407449e+01
2.057694053256502968e+02
3.127402056237071974e+02
1.966578408923360541e+02
8.120338811910178833e+01
1.952000719883167505e+02
2.052611291490956376e+02
2.362708721382444423e+02
8.691606201394965581e+01
1.137320155030762976e+02
6.849572323404474616e+01
2.556155119780825373e+02
2.197931127420935979e+02
2.033983230270849845e+02
2.064882055128059051e+02
1.671792237717660328e+02
2.506178695897702937e+02
2.298108038495958567e+02
2.220649627842777249e+02
2.173963684329571606e+02
2.037701334970572304e+02
1.888100822173534254e+02
2.306696959931299205e+02
2.367911907525016773e+02
7.077614471342967306e+01
2.409573638288283917e+02
2.123144727215777721e+02
1.634082888629249624e+02
2.625786271110160897e+02
2.433420943811210009e+02
2.101911061192682553e+02
1.939041201238057681e+02
1.937116334445107384e+02
2.211284164146991316e+02
2.013385376958985375e+02
1.973543499884590062e+02
2.626439497858482355e+02
1.764614474194507352e+02
2.197673670619051052e+02
2.479714742733827393e+02
1.593431431592618424e+02
2.523872353423926711e+02
1.738510404026997946e+02
2.414768351701971767e+02
2.120954088023962072e+02
2.048266795911623603e+02
4.592733747136548317e+01
1.054709479754352088e+02
1.982685837003847666e+02
2.043281853491953655e+02
1.230393859914339885e+02
2.150526323633543768e+02
5.394593927750054974e+01
8.374704507321678193e+01
2.263884089674666313e+02
2.253903867988204865e+02
2.043907925825641030e+02
1.680917921182617931e+02
1.736904566196000133e+02
2.066154701979279196e+02
1.914620122016335984e+02
1.979350821046949704e+02
2.409272600485141425e+02
2.123520954609257672e+02
2.428556571022511719e+02
1.991737126502959541e+02
2.115899085468297471e+02
2.591358976166342245e+02
2.388570822940961307e+02
2.173303532564917759e+02
3.414950636759285203e+02
1.994009137509396510e+02
2.945670950356936828e+02
2.004242617562272528e+02
2.308032829099661001e+02
2.305312570573695155e+02
1.925084216128683465e+02
2.237306996172601714e+02
2.237224849251023215e+02
1.182401809626499016e+02
2.335057884803964967e+01
1.766293272909905454e+02
2.127681349341124815e+02
2.163597901240507326e+02
8.259568054673168547e+01
3.190293058120132628e+02
2.244797254925300081e+02
7.161352936482384735e+01
8.839063797388767796e+01
2.406192961269802595e+02
2.390460183250082196e+02
3.480376808483518971e+02
3.185462824313247410e+01
2.067068641961767526e+02
1.977760572049543555e+02
2.228694218026418525e+02
2.534714301459028718e+02
2.894849359805493805e+02
1.915558476143712312e+02
5.259797309817603406e+01
1.903712747369978615e+02
2.359511820109253506e+02
2.500113049763952802e+02
2.518148714143225106e+02
2.022596269473864652e+02
2.654045582838004407e+02
2.228198328742917340e+02
2.537487889495296258e+02
2.082356234319243526e+02
2.091685800997395575e+02
2.346725896123332120e+02
2.042840976848204377e+02
2.490239450736102924e+02
1.952752875140693618e+02
2.439114545843737289e+02
2.042987766993759351e+02
2.349192027546761778e+02
2.192924254629665199e+02
2.854588544393025700e+02
1.528989184124210681e+02
2.212317497034785561e+02
2.258146501749857578e+02
2.001665914434833837e+02
1.953742276373010895e+02
2.156469996578206860e+02
2.568921104453880844e+02
2.028390059529268115e+02
2.259174390013558309e+02
2.346757459490839608e+02
1.995110935029930204e+02
1.753218983240250850e+02
1.255630908728596040e+02
2.417483993122745005e+02
2.423675430809916804e+02
2.396056814361078580e+02
2.252536313125228844e+02
1.792770892671508420e+02
1.570200180970766439e+02
2.274279570785064095e+02
2.299556556882697009e+02
1.633225145053959579e+02
1.948926220984551776e+02
2.004694503653295214e+02
2.274574185638932704e+02
6.845127105930335176e+01
2.568367221013520521e+02
2.093911900702368030e+02
2.372789885173581865e+02
2.041223597494753506e+02
1.914560754991643989e+02
3.749203847541468804e+01
2.082816554745600968e+02
2.288488011871788217e+02
2.641937886925800285e+02
1.279838677364452622e+02
9.681917371829131014e+01
2.167518454580810214e+02
1.633971847398107968e+02
2.184137624975157337e+02
2.028754406629877565e+02
2.532352241654813270e+02
2.264129682525656904e+02
2.085581491514344350e+02
2.301150988388498035e+02
2.322919259652479695e+02
2.806053521721408401e+02
2.884212343676844625e+02
4.853935153557205950e+01
1.915163473460742978e+02
1.075655634047963360e+02
2.554445326123066877e+02
1.173807072256970514e+02
2.444248563480884684e+02
2.269231803307050370e+02
8.484471140574450487e+01
2.608730213474609627e+02
2.315720432082423201e+02
2.346334925571680969e+02
1.350609605142187206e+02
2.384771331039754898e+02
2.404779603567355366e+02
2.103033354981474758e+02
1.439652079605398001e+02
1.925623374256853708e+02
2.580539635211621317e+02
2.395592705079951941e+02
4.947230449911587868e+01
2.351064869633445085e+02
2.031692417624914810e+02
2.224171468449741269e+02
2.203751294175561668e+02
1.875360310264835562e+02
2.268777366844235246e+02
2.409697195839374331e+02
1.758744046205172538e+02
2.282435940169219748e+02
2.563106985197196650e+02
2.165179908762717673e+02
2.124079427172442820e+02
2.347054584379266089e+02
2.252603811947507779e+02
5.182933454366126824e+01
1.303402939048609994e+02
2.237233933966381585e+02
1.937157683754304571e+02
2.312603767658685001e+02
9.036471542795820255e+01
2.626934928026552143e+02
2.012318670138385812e+02
1.965144781196286772e+02
3.410694141054175930e+02
1.991505227710082693e+02
1.152791417807759871e+02
1.736702500753728771e+02
2.314028637111499336e+02
1.967510045747744698e+02
3.217246954550920464e+02
2.537320760371614483e+02
2.172227534764886059e+02
1.200655625934810899e+02
2.009332343752946883e+02
2.355521222553408052e+02
2.179261188752717544e+02
9.751753195690699272e+01
2.418426970515962466e+02
1.626258400903040240e+02
2.055356372628855297e+02
2.426149204668900552e+02
2.801183979449025401e+02
1.851201272661210169e+02
2.310359882861132164e+01
2.142662000544328009e+02
2.293459895870252865e+02
2.091368114499060198e+02
2.149016723192492009e+02
9.691528666646587453e+01
2.201719337789833730e+02
2.577891547993492054e+02
2.392106548944032340e+02
2.242690948877395272e+02
2.277733499929463505e+02
2.073821198336888756e+02
2.209446859478632064e+02
2.173040552585846399e+02
2.090888904822739391e+02
1.371807880734312164e+02
2.128338992233121303e+02
1.871824177737915988e+02
2.580269944571326164e+02
8.595431135607007889e+01
8.019928903960889954e+01
2.483257175247019859e+02
2.086329924730032701e+02
2.542758960729575790e+02
2.249711008928431113e+02
1.450949222031453303e+02
1.716452735918890085e+02
2.234473493817855854e+02
2.135081167469740535e+02
2.591755893330924323e+02
2.884466107402962507e+02
2.809977606570191710e+02
2.581463771387408315e+02
2.157184592340586562e+02
1.868569768562635147e+02
2.250956582999376678e+02
1.920118194794554256e+02
2.254162784049966604e+02
2.546353386848333287e+02
1.658243576064394347e+02
2.085411635918866580e+02
3.164608503880968442e+02
2.512850669490265432e+02
2.521086691025634536e+02
2.170950887240755378e+02
1.878629202467958947e+01
2.102320497881470374e+02
1.368196498365686011e+02
1.070923293707743369e+02
2.249245917045387273e+02
4.960046406585259149e+01
1.456995571222450678e+02
2.349308864043167091e+02
1.837931002967322058e+02
2.395197009738500640e+02
2.482822579656424580e+02
2.396053991893674890e+02
9.064059295469397171e+01
7.782635126909431733e+01
2.074283784383963791e+02
2.510917069548520431e+02
2.521909209078382617e+02
2.342909492699796488e+02
2.078480289375048358e+02
2.120378942785427228e+02
2.492315727076318410e+02
2.505153438404699102e+02
3.761995660867518865e+01
6.161458591937116580e+01
1.606663201802897163e+02
2.206111558192795599e+02
1.789718192275650566e+01
2.300662000397698534e+02
2.634339163301779081e+02
2.134615480101454352e+02
1.077788900805585968e+02
2.206577878973096745e+02
2.530657402151155964e+02
2.537742508942743029e+02
2.106678964245122074e+02
2.354274292769862029e+02
2.337101661233992900e+02
2.759812034898727688e+02
2.470380028723999999e+02
2.063832339442432158e+02
2.355984869908050712e+02
2.436061810029681567e+02
2.307316529165678674e+02
2.416324256178637029e+02
2.165756001803076174e+02
3.791798273654196549e+01
2.625193562501560791e+02
2.553904998702900855e+02
1.229738346653840466e+02
2.399735871776233580e+02
2.114451334062702870e+02
2.017934709021783988e+02
2.397276105153406434e+02
1.595727853947162700e+01
1.890372549141912089e+02
2.240680646743674629e+02
2.001449059749773767e+02
1.733793653000246593e+02
2.303565971278135009e+02
2.157454132858810283e+02
2.556303360900083703e+02
2.189025488517484916e+02
2.486804131672093661e+02
2.088871420247623689e+02
2.287201770423617688e+02
1.998706851954258070e+02
2.138333823225969468e+02
1.650613396242075908e+02
2.263993024759121795e+02
2.163914376792718599e+02
2.282600201732558673e+02
1.797073859107191538e+02
2.084329557814203611e+02
2.413502837257155704e+02
2.241963385689221298e+02
2.405853307511448520e+02
2.511364496587049189e+02
1.811635942475605248e+02
2.047940645311844889e+02
9.708123967327480841e+01
6.477534184116699123e+01
1.860633442780023188e+02
2.005849229541587420e+02
1.785466582562925453e+02
2.415745842310617206e+02
2.128109639968577369e+02
4.349841369597763219e+01
2.208876468816497152e+02
5.771349028130386216e+01
1.733400446696125528e+02
7.626698325578878723e+01
1.855251667306094987e+02
1.991533478565321218e+02
2.164866162796655544e+02
3.179303856509469597e+02
1.628953237538025292e+02
3.269394374284325409e+02
2.336492090900676715e+02
2.235733931932448115e+02
7.849310854863873033e+01
2.115961622316038415e+02
2.262825359159155028e+02
1.881117288324247170e+02
1.108172670573003131e+02
2.443785109947369349e+01
2.141588447216132067e+02
2.349920831735527145e+02
1.086838134996039429e+02
2.026619398207593576e+02
2.499313406990500823e+02
2.235555508043776740e+02
1.127949991413028101e+02
1.473076970583829848e+02
2.538032207255271544e+02
1.409061034137502872e+02
2.485113603292535061e+02
1.889868670048562933e+02
2.137796718196933057e+02
2.423789655247967971e+02
2.090265733012610951e+02
2.434028613127319716e+02
2.032352468055530892e+02
2.083800756838147379e+02
3.128816053236437824e+02
1.880167385699925262e+02
2.589346887278171607e+02
2.622575852839623849e+02
1.881523819340023067e+02
2.467728758569747072e+02
2.181155537208605608e+02
2.570639632810111266e+02
9.088947187608940226e+01
2.146111868697861951e+02
3.179035123508614333e+02
2.279488164385467428e+02
2.550374567763430207e+02
1.160697638082478704e+02
2.095795734335478357e+02
2.104694837889426537e+02
2.422529545066748824e+02
2.119239440921051880e+02
1.984161192225372190e+02
2.548837056172407927e+02
2.555004603644864005e+02
2.925140884972381627e+02
2.151435783942984870e+02
2.138058637077324420e+02
2.509921201667561661e+02
2.202601145230194390e+02
2.005083341466108848e+01
2.143639224793423352e+02
2.082300533224063201e+02
1.907266609100986443e+02
2.417776653515764167e+02
1.509440020694869133e+02
1.886717212815957510e+02
1.491693376102607260e+02
2.418600016456343837e+02
1.693165631797238859e+02
2.191436040257305820e+02
6.039384000369258132e+01
1.832503443877763232e+02
2.349855167654887396e+02
2.237712087635709679e+02
2.572950116182185525e+02
1.634935631993731135e+02
2.191607542475979074e+02
2.311677390868977682e+02
2.949259572316650519e+02
2.464856973837227088e+02
2.114299998304978487e+02
2.507571731173787555e+02
2.463461944334809459e+02
2.401709126664315761e+02
2.240579474245168967e+02
2.297743125299784310e+02
1.934365901426768914e+02
2.051542432262608600e+02
2.459595837893478461e+02
1.844511625429069568e+02
9.998479943986851026e+01
2.583396780001534125e+02
1.948617629434953642e+02
2.181089148053044084e+02
2.244437087372840551e+02
2.344944984573700992e+02
2.544042347423547881e+02
2.578679923201043493e+02
2.221133504851020462e+02
2.432123799897353251e+02
2.405134170731875827e+02
2.284755977946279870e+02
2.349543898254588328e+02
2.446306559534521057e+02
1.820528582555473065e+02
2.636204432798688231e+02
1.984978243513452298e+02
3.206779004410658445e+02
8.056355810967269804e+01
2.433508368978571923e+01
1.815428083371090224e+02
9.351874897798255404e+01
5.524502587766278339e+01
2.182194766738639657e+02
2.079390668368212118e+02
2.246846535102758367e+02
1.986832522756979245e+02
2.118152842806518095e+02
2.458290549144809631e+02
1.498572560202872523e+02
2.505518621050271122e+02
2.071212226332805812e+02
2.288315152664185632e+02
2.870230906996190612e+01
2.029288774019898938e+02
2.391383652633068380e+02
2.193127651865670202e+02
2.032490394233287816e+02
1.649873641779262528e+02
3.202770023844161642e+02
2.645887781418181248e+02
1.894321034549886065e+02
1.970636643259496736e+02
3.205715358285600587e+02
1.955200329015893033e+02
1.867728758816859340e+02
1.006614624218215397e+02
1.784275833068813597e+02
2.536186485039137892e+02
2.246575161746970082e+02
2.361139538445265202e+02
2.192561381761975952e+02
2.214473687097664367e+02
2.566471535565347608e+02
2.080093315868924151e+02
2.305753758577620260e+02
2.061366520116029051e+02
2.295912606404496330e+02
3.030515996203321905e+01
2.456520361587718355e+02
2.238735603586119112e+02
2.107694514448046448e+02
1.345998506968118420e+02
1.824239966723781947e+02
8.950378045528013615e+01
2.168847371937660853e+02
2.172459750513128540e+02
2.253467172033616635e+02
2.187074183743668812e+02
2.434310606240328241e+02
5.290115315472142754e+01
1.358889227480140960e+02
3.332471376952036621e+02
2.474031604821845178e+02
2.312013810380771588e+02
2.228398208118096022e+02
1.953653542230523215e+02
2.184968330882897192e+02
2.430403228824283133e+02
2.482553789549922669e+02
2.429927611186038519e+02
1.694605916603171067e+02
3.195406761773089102e+02
2.016633596985779207e+02
6.546381065015204115e+01
2.149881183968446123e+02
1.875555899128254964e+02
5.333348926557289360e+01
1.956441689613265282e+02
2.090808833622338057e+02
5.931418271875337211e+01
2.341944429244760499e+02
1.880638028703105533e+02
2.117413172882799870e+02
2.048173352124240694e+02
2.342320233563252430e+02
1.909278952448391635e+02
9.163788951701785379e+01
1.982344860192604585e+02
2.303331726423212160e+02
2.146912144774584021e+02
8.733569289068034891e+01
2.042529062331083196e+02
2.520860705769183596e+02
1.984834748465798100e+02
3.139808326440594897e+02
4.141405689570417792e+01
2.498470308493547520e+02
3.075535769207929206e+02
2.135228118944977780e+02
2.265767885800060810e+02
2.282246339633996115e+02
2.565341855327980056e+02
2.442727474412064339e+02
1.984228126326312918e+02
2.270777275249096192e+02
2.093886350330704147e+02
2.214944429065905922e+02
3.060038175021406346e+02
2.241470114907004074e+02
2.025410691624178980e+02
2.529396290067779205e+02
1.911713800404394590e+02
2.378941300152592930e+02
3.561646594399758925e+01
2.404572216376144240e+02
2.251590052877000687e+02
5.510863105007390317e+01
1.969449587599590359e+02
2.030318400354751134e+02
2.600050851888068593e+01
1.807511365980968776e+02
2.101827650804181644e+02
2.157857800740277980e+02
2.499983116492243482e+02
8.538505126136305989e+01
1.991039835252290686e+02
3.203613899619999756e+02
2.622180144356054257e+02
2.017580060477362451e+02
2.137300006939714763e+02
2.488813288667456334e+02
9.125072812457548821e+01
2.241568437541272658e+02
1.031413716813169401e+02
2.130916332497864971e+02
2.204386277393979583e+02
2.644218779899596257e+02
2.305166168636357611e+02
1.399141315607805609e+02
2.680240610449678798e+02
1.920682140659810386e+02
1.767922591428787769e+02
1.517246697707754777e+02
2.444441059543893005e+02
2.284070224684008394e+02
2.193911737236085457e+02
2.112430847180845888e+02
2.006234181576491551e+02
2.491223091739922495e+02
2.310009045777079564e+02
2.090066414584178460e+02
2.340345539213292625e+02
4.919011487300978303e+01
5.606907995828052549e+01
2.317554324187349550e+02
2.575692842115508370e+02
2.054807613360876530e+02
2.188649165331480617e+02
1.729736767774260215e+02
2.254549115058970870e+02
2.042462648226643296e+02
1.038869145132416492e+02
2.114779159686655703e+02
6.473735856477203754e+01
2.089097219525381206e+02
2.176929297052214451e+02
2.144440854150517737e+02
2.111266929264536998e+02
2.996468897641514673e+02
2.489681071982873561e+02
2.373090779680764513e+02
6.315788444600110552e+01
8.494669928170304729e+01
8.505268654772686432e+01
2.209358560448374931e+02
2.974193967775133842e+02
1.539849067011047445e+01
2.012303754860954541e+02
1.106377170625779485e+02
2.209273398541148481e+02
2.016905437985632830e+02
2.154210649884633142e+02
2.126278766578608099e+02
2.558032361035154736e+02
2.406040822243474793e+02
1.033744094132290883e+02
2.463781771892084862e+02
2.250245296394553236e+02
1.108203755949095637e+02
2.170033626790514631e+02
2.501264654705815644e+02
2.555093987579842008e+02
2.594249046244528927e+02
1.839488545334492926e+02
2.036172348702912416e+02
6.302361901837960545e+01
7.337336645002996249e+01
8.262270260570421954e+01
6.411558417279719890e+01
5.067835710576908070e+01
2.960890477649323884e+02
2.490651246360881430e+02
2.047309490893482291e+02
2.121015688636916821e+02
2.253973502102656994e+02
2.032167144558008545e+02
2.316545337087835321e+02
2.019734838991543597e+02
1.919979126955273045e+02
2.258814029442161768e+02
1.764520209595969789e+02
2.285403965994160274e+02
9.873980024967117686e+01
1.699707015707820403e+02
2.017064070715450157e+02
2.245624910013958129e+02
1.897139965536014472e+02
2.186376496127430187e+02
1.940813034059966355e+02
2.242948157220005783e+02
1.962569777862300100e+02
2.006262210322411192e+02
1.406865171959565544e+02
2.256259281126129963e+02
2.143286403962202655e+02
3.975019572694392167e+01
1.916030573209070837e+02
2.190738247463536936e+02
2.400154096201140419e+02
2.531865396246042224e+02
2.273287582960230395e+02
2.161345654020969675e+02
7.528569658113410412e+01
4.807800084743031732e+01
2.315190552376300559e+02
1.944481239279676572e+02
7.789446983659269108e+01
2.108381877795702337e+02
2.068875330787858786e+02
2.234075176805554293e+02
1.924304118516706978e+02
2.591858064544626359e+02
1.967820626755657827e+02
1.977291226496982404e+02
2.268539008546345315e+02
2.521681696061909861e+02
2.471395403240718167e+02
1.226948112682803611e+02
2.308532097727494090e+02
1.151254622541683048e+01
2.516142698665536841e+02
2.065372272672558722e+02
2.529833393905622358e+02
2.121522927350552550e+02
1.942441696398690567e+02
1.989863108729348085e+02
1.858930965438046314e+02
1.221899691686561056e+02
2.292370694448378572e+02
6.496632891654307684e+01
2.038053987989956397e+02
2.029509793432944491e+02
2.592573605022881225e+02
1.988634857797233337e+02
2.341276960922019157e+02
2.205531087565850044e+02
2.328221156165588752e+02
2.211289766968654362e+02
2.339040432988046234e+02
2.098967067254681353e+02
2.418344697440875848e+02
3.046846063511976865e+01
1.248568359485521881e+02
2.317934673900602718e+02
2.322612785007947309e+02
2.245260914161372341e+02
2.199320762607179063e+02
2.167126746978747462e+02
2.204997601300738097e+02
2.038783524645509146e+02
1.939864702763231321e+02
2.620417056662720370e+02
2.089984639014579955e+02
1.996331492441690330e+02
2.149809789523021379e+02
1.930622344611801111e+02
1.770296985409641763e+02
2.184165498354683166e+02
2.509918151175258458e+02
2.431942989107799349e+02
2.018604676253187051e+02
4.971586037972179639e+01
2.325092163428871856e+02
2.260226295567996715e+02
2.056330305152550011e+02
2.118817876416828199e+02
1.946730003872638974e+02
2.192049883869478322e+02
2.237065421343610012e+02
1.892595513675525467e+02
2.318958666276183180e+02
2.321141374173500935e+02
5.199450444803697735e+01
2.154308204538486393e+02
2.446167940986118765e+02
3.118162225339040106e+02
2.066383585664959810e+02
2.377599711635014330e+02
2.339644735961426818e+02
2.255900854910646558e+02
2.389125277926970057e+02
2.092596541738167844e+02
1.271007569350482527e+02
1.963869079704660123e+02
5.195736278047647971e+01
2.148071083961318095e+02
4.546606068443836790e+01
2.039311113278258176e+02
2.201617822923887218e+02
2.110607850502544238e+02
1.787908721342568583e+02
2.253983355116096163e+02
2.196695416418186255e+02
2.036531771371666935e+02
9.457803973861521740e+01
2.193134992248399726e+02
1.982571277541340748e+02
2.197664525837495830e+02
1.975514685999432913e+02
2.624578850749902585e+02
2.330445905731783114e+02
2.426270624934267346e+02
2.071055242248031050e+02
2.665195739922611295e+01
2.956283924236458347e+02
1.477482089176003797e+02
1.311529904863402294e+02
2.282954367234986819e+02
2.160942992807922565e+02
2.120479174574894046e+02
2.042468476440782013e+02
2.351550480128953211e+02
2.035726907927629838e+02
1.155676787319464296e+02
1.856781494785045084e+02
2.618495034461265050e+02
2.271111136487851354e+02
3.630216011234857376e+01
1.959105475410143811e+02
2.084850104672258055e+02
1.918442748661355211e+02
2.122494821714530246e+02
2.151417600253376179e+02
2.477448465246262117e+02
1.958251742647572939e+02
2.222818872100971248e+02
2.164600408851779889e+02
2.067134109888986870e+02
2.856593883072717972e+02
2.704911226968487767e+02
2.329165743128637303e+02
5.765587498314074821e+01
3.154785324706671759e+02
2.170028945675196326e+02
1.646644990305532019e+02
2.538862048216959693e+02
1.935621254927603161e+02
1.873721539859570839e+02
6.725968190915097011e+01
6.117896012350945512e+01
1.998502334672573681e+02
3.258129378432901717e+02
2.361373684584375781e+02
2.351593414097715709e+02
2.396700356547385979e+02
2.073986080986900333e+02
3.158891397334767817e+02
2.288548709819444866e+02
2.450913768623641715e+02
2.282100076128786270e+02
2.397914695129942970e+02
9.965544219492190336e+01
2.042393036421518673e+02
1.893146924077316839e+02
1.999015914768954758e+02
2.564910105574674049e+02
2.298037842522317362e+02
2.554837371310693470e+02
1.154518655488104457e+02
7.575787714944455331e+01
2.165814378174817136e+02
2.073061483996424101e+02
2.407865397133660395e+02
1.863680269815654356e+02
9.571359236640495283e+01
3.213842751499895485e+02
2.043197621454438888e+02
2.158269870278784595e+02
2.259220310035921955e+02
2.163396108932747097e+02
3.277235850949566043e+02
1.106060888452043685e+02
2.622156757889728738e+02
2.509599482882223356e+02
1.963499733796771807e+02
2.278352028335100101e+02
2.182617419287480800e+02
2.346825288314777822e+02
2.480614799245230415e+02
2.076167254951908490e+02
1.356683115885397797e+02
2.379730454224563516e+02
2.278631477176788565e+02
2.257310482514341743e+02
2.367779773220348147e+02
3.162086390855300806e+02
2.207245553965619820e+02
2.247504898223337477e+02
2.853985722013642317e+02
1.963553434726726721e+02
2.242741509234519128e+02
2.075111756442247497e+02
4.580739805486519600e+00
2.308052713435787382e+02
8.401238544415097209e+00
2.781579867695671027e+01
2.194060858389299824e+02
2.383787549567945803e+02
3.136230625115833277e+02
1.186844930436793533e+02
2.336740427239893165e+02
2.177550056067146329e+02
2.415641540536136915e+02
2.417522774926507907e+02
2.333592569651606539e+02
2.492631110425126053e+02
9.659442548698056896e+01
2.339317505148162013e+02
1.067778944134682888e+02
2.241935662443227670e+02
2.217347750674321105e+02
2.297158479100099839e+02
4.146732585749538202e+01
1.972362305897128465e+02
2.219538516095373950e+02
2.246940055162177146e+02
2.094446809328075574e+02
3.018355756157726546e+02
2.430154432408541538e+02
1.935595951772067167e+02
2.094129743124590561e+02
2.050742381813670363e+02
1.229071565152922147e+02
1.050832289114841558e+02
2.404926329738703146e+02
1.730990090416663350e+02
2.342435289009988253e+02
2.006079581703446308e+02
2.281042827274198146e+02
1.886305170000600242e+02
2.407695198178305418e+02
2.008504834248373072e+02
6.374088993332286890e+01
1.994507407723660037e+02
2.262292786700716078e+02
2.248611381146883161e+02
2.506951260284334353e+02
2.472615619028999276e+02
2.285634030494879312e+02
3.030533859130229644e+02
2.036395382276292025e+02
2.202308652911700904e+02
2.321374110022720458e+02
1.321813955944607244e+02
2.277868098326777613e+02
4.863848849380409689e+01
2.605054074344822652e+02
1.797265631963579153e+02
2.132253945678488094e+02
2.416959474366073550e+02
2.518495987184772389e+02
2.290544314871747815e+02
2.810890086968527157e+02
2.187917304305491939e+02
1.970117860735545321e+02
2.786597924530484534e+02
1.578565096449506200e+02
2.500321313151608820e+02
1.923986299931788153e+02
3.344213343544255395e+02
1.919820012974480505e+02
1.973773529837737613e+02
1.031992777018773069e+02
2.238440676232465592e+02
2.262978246174953085e+02
3.316325314902450572e+01
2.324366797508380955e+02
1.864190348783783406e+02
5.944169864244743451e+01
7.203410435007819501e+01
1.941368952296587906e+02
2.575208514718639208e+02
3.094633057636011131e+02
2.707594946812303078e+02
2.120262131397461474e+02
1.474273945606527434e+02
2.031010229159288087e+02
2.001312660530282415e+02
2.040342415957824187e+02
3.695014683689581148e+01
2.356059690639739586e+02
3.613535787024149215e+01
2.396470737995749403e+02
1.827701805074177912e+02
2.277808686943920975e+02
2.023569524176499783e+02
2.467080966195065912e+02
2.021775789106204400e+02
1.872177228900020509e+02
2.242176948141364505e+02
2.336408880207447112e+02
2.181180629154174824e+02
1.801509870632910975e+02
1.996109565392937100e+02
2.421677095360265923e+02
2.304208992291439131e+02
2.668016202370092174e+02
4.861101109982075741e+01
2.015556843480596001e+02
3.628195249253046484e+01
2.010322249029568979e+02
2.469581011727387079e+02
2.210164725285592340e+02
2.335849006071655083e+02
7.587586935480943851e+01
2.291588851587482907e+02
2.325860783244840491e+02
1.971400631379311221e+02
1.789361201384606090e+02
2.019579757497878632e+02
2.962581970724779126e+02
2.714417744260326799e+02
2.207776573742088715e+02
2.350890911937433145e+02
2.137795975928569874e+02
2.110012143058216623e+02
2.699628607821454693e+02
2.182017590954941966e+02
2.167919266903292908e+02
1.230512121815378919e+02
2.191146300242458551e+02
7.621819586454483897e+01
2.057192569246114431e+02
2.041286304784890717e+02
2.058473117713203919e+02
2.022451400318398385e+02
8.204204945788771397e+01
2.199839967159280718e+02
2.072741055150509908e+02
1.994578415080025877e+02
2.220076332348577637e+02
1.614734028348194670e+02
2.119230020342348269e+02
2.630033427283842684e+02
1.727640679501740451e+01
3.141578601415157550e+02
1.965503501495508658e+02
1.923472884225194264e+02
2.583469957968810604e+02
2.339585907821994510e+02
2.310031857261271568e+02
3.354279131949538169e+02
1.931618757736903262e+02
2.944486548245253630e+02
1.589911475674394694e+02
1.878977169757049808e+02
2.157067134490482090e+02
2.367233100345378602e+02
2.396704734072513645e+02
1.752579128885246860e+02
2.616261556303063571e+02
2.084357480060801606e+02
2.238372290982541983e+02
2.334289814118510265e+02
2.483007347259414530e+02
1.418201085928650684e+02
2.041229126175697104e+02
3.344955844366886026e+02
2.252557552416650140e+02
1.837208933148549193e+02
2.355882848257381852e+02
3.106064980921664755e+02
3.181681946368776153e+02
1.963297935008428681e+02
1.929551758415916538e+02
2.241472642908163380e+02
1.123222316406392594e+02
2.542310620749692589e+02
2.137212663472798511e+02
2.095321013580985721e+02
2.782088924373080658e+02
2.294788559329277007e+02
5.646266360045144239e+01
2.333192965355226818e+02
2.524287806574607487e+02
2.165814295090536632e+02
2.326813836621080327e+02
2.108563361333089006e+02
2.403606047578400648e+02
2.042644145363279620e+02
1.790565767393597127e+02
1.958311729798065244e+02
2.318614961166985040e+02
1.712537521723194516e+02
2.105033569927461770e+02
2.163641726927234856e+02
2.355065408807353435e+02
2.321745466833280318e+02
1.876345097523465597e+02
2.151786251024535375e+02
6.430442422657364432e+01
1.597242491614501887e+02
2.242431619995912229e+02
1.995189082142482846e+02
2.818102437427444684e+01
2.005155803952677616e+02
2.205237389503218424e+02
2.044746330521037407e+02
2.311951558426748932e+02
1.844575678848451048e+02
1.393697778572400523e+02
2.177097893870048040e+02
1.935570759578657487e+02
6.264136067898663640e+01
5.592557983872717386e+01
1.666624417527025344e+02
9.266535628710830963e+01
2.181003728990349373e+02
2.141490020029663128e+02
2.783043274612276150e+02
1.837322761087291099e+02
1.175347078423324092e+02
5.674912672730412311e+01
1.813865686487385460e+02
2.025281223854529173e+02
2.119243089458835243e+02
2.324204882277886384e+02
2.590080992290153290e+02
2.282693178039488373e+02
2.318626662509977336e+02
2.457259211621526163e+02
2.009377650156328059e+02
2.511587318156863944e+02
5.198538349732899633e+01
2.031424695211878770e+02
1.267169013730565013e+02
2.054252026408145468e+02
1.698195437851076974e+02
2.183182952447233447e+02
2.102006961822237656e+02
2.262287853407742659e+02
2.430560688301049197e+02
2.163925937655875202e+02
6.042338204290519599e+01
9.913840295053056195e+01
2.436399649458125793e+02
1.228523375969816840e+02
2.202951811426274560e+02
2.520622712970069301e+02
2.404166534505519621e+02
2.387345054793451880e+02
4.057023399392325302e+01
2.122951472751220479e+02
2.210995421871806457e+02
2.411990624213729859e+02
1.625609628824773267e+02
3.356486258840872097e+02
2.098363118377965293e+02
2.402075108378429320e+02
2.283035401231202854e+02
1.186057150669297471e+02
1.972537998046495602e+02
2.116570437598593344e+02
1.949645146522397283e+02
1.803330976901339611e+01
2.570908593420940065e+02
2.431353318480706207e+02
2.135139151687058927e+02
3.291938738219680260e+01
1.329620476008021228e+02
1.605152816699152538e+02
2.232186021417720099e+02
2.106824115672215783e+02
1.991052800153833005e+02
9.168305346601768235e+01
4.748372184185503642e+01
2.147591618654623460e+02
2.105329063372061853e+02
2.327492521979641538e+02
2.824789792722726247e+02
3.475085874168481723e+02
1.948072113527135230e+02
3.232663630866025528e+01
2.227445943491811136e+02
2.130045490311983372e+02
2.348966267232689518e+02
2.264085765449073335e+02
2.152694837969530113e+02
2.236267671382342712e+02
2.421444585998187904e+02
2.603489680585986434e+02
1.730573551636400680e+02
2.350202345769851036e+02
7.647945980534005628e+01
2.501209098188741393e+02
2.358624732632820837e+02
1.224305904946396595e+02
1.895305177902776563e+02
2.457517684413426480e+02
2.468915054623840319e+02
1.107389237905357078e+02
6.850714075964427252e+01
2.208484002544359726e+02
3.406628919247577869e+02
5.114951573709149102e+01
2.324368753107764576e+02
2.371354586545242285e+02
1.777906069493033314e+01
2.310414370988264636e+02
1.448525491051638028e+02
2.469728311548562942e+02
2.133070116132744829e+02
1.801287178172656525e+02
2.041603632676221878e+02
1.590258770538260364e+02
3.100698917710225899e+01
2.472954043393195889e+02
1.006604956529844799e+02
2.217951530057635523e+02
2.348100067395273243e+02
1.862936347181812380e+02
1.755482255169557675e+02
2.330747292469905858e+02
2.431742305541136204e+02
1.557116620092380401e+02
2.229285703010682766e+02
2.256861872625286196e+02
2.488203434844119215e+02
1.961218912575272668e+02
1.795950618090043918e+02
2.148696412251957497e+02
1.854486057369838647e+01
2.294537352711429605e+02
1.768875144269175621e+02
2.005373648540151805e+02
9.091466063388291730e+01
2.277827066562909692e+02
2.779373026248749170e+02
2.574388314488124365e+02
2.142825255814658476e+02
2.159194189343116932e+02
1.398684370343217687e+01
2.764219522668436184e+02
2.368840803128381367e+02
1.827532530270314624e+02
1.901633965164538154e+02
2.412338799266794069e+02
8.147845286406302989e+01
2.075954991886439700e+02
2.100973967175185919e+02
1.944987022143336333e+02
2.662718405274078464e+02
1.915549062097201443e+02
2.060346384108789834e+02
2.059904314302498847e+02
2.465938575354040267e+02
2.091583245844654471e+02
2.016907805663523732e+02
2.210017381972125463e+02
2.906800066185514311e+02
3.489732826612763006e+02
1.898191563790252019e+02
1.531901678504422932e+02
2.104914316993812804e+02
2.677610720269638591e+02
1.866151930833979975e+02
2.029293671036874684e+02
1.503689808120302303e+02
2.031587844280819013e+02
1.768514976021981511e+02
2.156350986720652827e+02
2.441744063875318886e+02
2.057437144711167605e+02
3.087233977328281753e+02
1.258803381401040866e+02
2.093193663677113250e+02
7.899183412741464849e+01
1.722064902904844530e+02
2.539925187948439316e+02
2.130787447637280536e+02
1.069992033049283435e+02
2.064054170647250714e+02
2.381168555406428595e+02
2.413220216197991306e+02
1.274188860464076640e+02
2.158301040089883145e+02
2.204197238627620834e+02
2.159899729132739310e+02
3.071392586362566135e+02
2.163044769098915197e+02
2.222266858216266314e+02
1.918264466157365291e+02
2.141897531858074615e+02
2.478534161594562306e+02
4.541319809196882318e+01
2.499835830172470708e+02
2.262638767020974342e+02
3.294649713777820352e+02
1.416527759542389049e+02
2.202917719432741137e+02
2.383075455398484621e+02
1.939947401830654030e+02
2.359273977058124672e+02
2.009703735428318510e+02
2.392445362660172918e+02
1.980250971056016169e+02
1.999187197403579432e+02
2.316187036009683808e+01
2.201395262878338031e+02
2.037750885672600702e+02
2.095374219429923244e+02
2.238252379584588141e+02
2.217390927423585367e+02
2.012760476329335120e+02
2.297517414612546531e+02
1.642164077564558227e+02
1.911602580533970581e+02
2.157731287426960307e+02
2.027841418642773306e+02
1.945234418824824729e+02
2.111830629205817615e+02
1.687473316332593924e+02
2.146486353071464066e+02
3.022611892000324119e+01
2.678123742938122973e+02
2.185770960445309470e+02
2.423598063118402877e+02
2.473504519565465500e+02
2.415183360133241024e+02
2.314529334883168872e+02
1.961586246031227745e+02
4.105660705676393718e+01
3.709857836378258611e+01
2.257663054126304871e+02
1.924937423324729480e+02
2.120750194956527537e+02
1.986510394918625195e+02
2.022825317696521097e+02
3.439629932531374834e+02
1.984466066838114102e+02
2.094682394702275019e+02
2.331765468656789437e+02
2.215519785822905874e+02
3.180896933314350008e+02
2.219720618181894167e+02
9.191311912266829154e+01
6.952232228683530479e+01
2.424962505278861329e+02
2.672579295696419877e+02
1.050789785143153097e+02
4.173901489332472181e+01
7.307099652368697207e+01
1.999322863503438725e+02
2.260773030048765406e+02
2.005532801269271488e+02
2.155070716178270800e+02
1.992422971693356715e+02
1.332570481852356181e+01
1.940037476109998522e+02
2.191832078303003470e+02
2.141892091124399258e+02
2.176892911378422184e+02
1.830685506948192938e+02
2.852937644388521790e+02
2.374886220705455457e+02
2.003642268414614591e+02
2.009021415626719431e+02
2.239805333898430035e+02
1.908190934152158036e+02
6.819905780161776931e+01
2.338185531194752684e+02
2.327079023265665114e+02
1.976991110775341554e+02
2.211452369906014326e+02
1.729544537795849237e+02
1.926042933329034099e+02
2.010978872828011959e+02
3.013455850577920501e+02
6.946367525572098600e+01
2.199497176253823625e+02
1.520136641129766275e+01
2.402440355225928954e+02
1.417225700846124710e+02
1.956642491430847315e+02
2.473852310501627869e+02
2.286502380871340847e+02
9.046838964060624733e+01
4.320546625277529529e+01
2.019594677666138693e+02
2.555273920540453503e+02
5.889923971584678952e+01
1.972364130628898238e+02
2.971056276152522173e+02
2.087504029628722719e+02
2.517317083366584711e+02
2.232399134620796701e+02
2.166125305585825913e+02
2.450760720039626221e+02
2.071684173059157956e+02
2.293560319966090901e+02
1.848763875943930373e+02
2.438194165036275649e+02
2.767097181739229654e+02
4.257890722051418919e+01
2.021515653654604137e+02
2.409211536008967585e+02
1.539030937367416243e+02
3.476439594563140076e+02
2.220109274036595934e+02
2.143832736734924822e+02
2.339823939928869834e+02
2.335348081515263345e+02
2.006693287093240201e+02
2.084124601168653044e+02
2.232291488225955050e+02
2.548372038662461136e+02
1.804148979537851005e+02
2.252659066839688933e+02
4.066827116823021981e+01
3.148930504624853484e+02
2.913095327515694635e+02
2.119285216488929109e+02
2.267485258100277008e+02
2.408058372101336602e+02
2.081230445138771188e+02
9.199288128860278846e+01
1.286314604299438145e+02
2.023300342948826369e+02
1.587699988929563517e+02
1.479448719363741418e+02
2.316598185066193025e+02
1.979372057691645352e+02
2.115941225129725467e+02
2.362293876044797969e+02
2.091558474370409897e+02
1.685551578406881106e+02
2.352508139452273497e+02
2.283217819560456121e+02
1.834817391450543766e+02
2.151296735485863110e+02
2.305922379664657456e+02
2.195844313686786506e+02
2.438688669734895029e+02
4.086759423851506057e+01
2.265693636064356156e+02
2.408614167366819743e+02
1.099468353388097910e+02
1.081682386420219757e+02
2.433928922257104546e+02
2.198625437371227918e+02
2.355084547671527275e+02
1.045871470858488834e+02
2.456830400419125340e+02
1.866265252567244204e+02
2.515681868115822510e+02
1.975223193044062384e+02
7.014105851838269245e+01
2.365638214964263000e+02
1.736263271121906371e+02
2.383122442848945184e+02
1.690434270279469615e+02
1.121287030573759580e+02
2.036595842867775730e+02
2.279872118005479251e+02
2.077580030129999216e+02
2.066421966604220586e+02
2.483367414619396811e+02
2.008888012732125219e+02
2.025670927368182959e+02
2.100913746545427330e+02
1.872448635268621331e+02
3.164632105942791327e+02
1.778766969342943298e+02
2.580704377642218788e+02
1.855466976612493397e+02
2.576381280127760647e+02
2.255662614742533947e+02
2.340734263533495039e+02
2.915039018868626499e+02
1.922445215249246360e+02
3.145639989095727174e+02
2.357164303811323123e+02
1.881228585395802213e+02
2.242983373341938034e+02
1.942906279749410317e+02
2.333946887506265284e+02
4.521432300814128524e+01
1.287686830271139513e+02
7.729409354357458994e+01
1.819059535345207053e+02
1.621235054281894605e+01
2.349970511946004308e+02
2.052791971506572395e+02
1.994765939536248140e+02
2.548787928726730172e+02
1.947568666667574178e+02
2.138936317810546939e+02
2.263348948091157808e+02
2.236269784692272822e+02
1.145323732978450266e+02
2.334878848418289294e+02
2.171456459414984010e+02
2.048000600904976523e+02
2.498798181001028240e+02
2.054988661952833127e+02
2.116240244998826086e+02
1.943972415468438157e+02
9.551720053081334072e+01
3.231954674827992449e+02
2.346707787941331276e+02
2.289778763015229686e+02
2.263136815211186672e+02
2.378269385531540081e+02
2.423925731439921663e+02
2.149983318934997669e+02
2.056657090480466650e+02
1.707417793617237578e+02
1.706758422162936881e+02
2.295216892945875315e+02
2.373018808568048428e+02
2.165869718529326633e+02
2.513734802796355154e+02
2.316997698100630316e+02
2.230849358794284001e+02
2.028166536876250632e+02
2.519033204079749737e+02
2.109009078579492211e+02
2.431370454754083141e+02
2.276326101563299176e+02
2.253338596403110046e+02
2.015233212816382888e+02
9.656088739735012894e+01
2.282753979957170714e+02
2.022337176864270418e+02
2.268072264529713493e+02
1.976928251181016662e+02
2.627449862394890374e+02
2.001157206908530668e+02
2.408020409143760503e+02
2.323063236190359078e+02
2.519369565813218230e+02
2.418951135588320938e+02
2.325938293983105893e+02
1.995628615558121624e+02
2.541880514035572389e+02
8.399879689872685162e+01
1.947406625342911468e+02
1.913174786299279049e+02
3.135195583629569569e+02
2.323914406690347221e+02
2.063858807883971735e+02
2.136374147382201443e+02
2.250624435773268033e+02
1.940722961746780868e+02
2.138543877337595518e+02
2.304119277990359080e+02
2.396900259081067475e+02
2.442247405855563045e+02
9.227147408816144036e+01
1.821588425024841911e+02
1.973500814977689970e+02
2.386125448625653007e+02
1.905301972863379376e+02
1.858426451913333324e+02
2.162304713268946159e+02
2.430829530956800397e+02
3.002769984380390724e+02
2.100463787479805262e+02
1.508743350586656220e+02
2.370758776160164985e+02
1.487236360632351477e+02
2.152121828309755642e+02
2.367275306091488858e+02
2.011178344905383142e+02
1.750364668541382969e+02
1.929669224477712532e+02
1.805106304731521618e+02
1.351363189731453076e+02
2.024287891443343312e+02
2.150950499715463877e+02
2.436723694420434470e+02
2.314577717580147294e+02
1.195141608017918884e+02
3.121567907503737729e+02
3.025773796586608455e+02
2.340024701121561748e+02
2.219046284529356399e+02
2.116421610984286872e+02
1.824276002812928823e+02
1.856162219046438508e+02
1.863619883815349567e+02
2.116211953237484238e+02
1.630825850987051240e+02
2.063252580863963317e+02
9.968181620708452328e+01
1.248165389030457959e+02
2.261808549028817765e+02
6.417282133472542682e+01
2.344888354644816673e+02
3.013046138833000214e+02
2.590213247650371500e+02
2.308446450267510670e+02
2.453372514734469121e+02
2.432087092749389399e+02
2.250439145941037111e+02
2.124040716059192562e+02
1.949254457117079369e+02
2.317636483734878254e+02
2.463212851717057674e+02
2.429703703428070298e+02
2.975379970831136802e+02
8.207352389727327591e+01
9.819924415244078375e+01
2.225632645296034582e+02
2.271511038773845428e+02
2.400781194965196050e+02
2.124470104257027572e+02
2.350381480613903022e+02
2.293875752996228812e+02
2.370767718607280301e+02
2.232253418652698258e+02
2.680484996315280455e+02
2.202072110975486225e+02
2.136517507301313117e+02
2.554058206767080321e+02
1.777537927948065715e+02
3.180598040161867175e+02
2.531953032565469073e+02
1.953607384914461136e+02
2.325367223808334245e+02
2.452778480580851408e+02
2.525271253642742408e+02
2.279118348458184471e+02
1.986487855765806785e+02
2.396840435108965721e+02
2.124282182422954008e+02
2.207761411622601599e+02
2.395330653728810262e+02
2.366992656067163523e+02
2.072675608191246965e+02
2.248364850888548858e+02
2.231186803325926462e+02
2.244537959175624735e+02
2.247208814538906267e+02
2.449847439698382914e+02
1.843187736597381843e+02
1.256312271884742131e+02
9.435991639118341823e+01
1.661490642034164580e+02
2.116275109286585518e+02
1.683041224538672154e+01
1.622452064727081051e+02
2.335992685779916371e+02
2.385380759149338132e+02
2.507781079720360538e+02
2.438823597730417703e+02
2.236475706349939969e+02
2.628625412053445416e+02
1.013549494596418441e+02
1.916279677870890055e+02
2.032746724724413241e+02
6.723004604081165780e+01
1.619180970828417685e+02
2.117298911472930740e+02
2.092751068008645916e+02
2.399371960405752873e+02
2.560736761532981518e+02
2.324611362352667641e+02
2.451355172025495790e+02
8.648424187024721732e+01
2.471597224541667401e+02
1.997585075861752841e+02
2.372919717577487120e+02
2.233139017596794247e+02
2.555330232316283627e+02
1.373889220077252276e+02
3.304698575107994429e+02
1.862538710169851299e+02
2.040384474030533681e+02
3.081844685612656463e+02
2.266759189509863575e+02
2.722478340129018761e+02
8.634440456553729604e+00
2.316994799870525981e+02
2.013019228888173870e+02
2.599679846580489766e+02
2.385424054991692060e+02
2.483932049748476913e+02
7.381383426384691404e+01
8.474621760036114893e+01
2.458269279980052886e+02
9.917499244177049889e+01
2.503617078043616857e+02
2.409934494625959758e+02
2.033657555661360732e+02
2.095412983979808530e+02
2.213815633875024673e+02
3.017471179626923572e+02
1.672701523245445401e+02
1.727091486521742354e+02
1.814502928124640562e+02
2.241684605964345565e+02
2.300391624254895078e+02
2.307989695960829124e+02
3.590747291453450174e+01
2.164833916751560992e+02
2.101096389080078666e+02
2.399912569793986563e+02
2.510768629036519428e+02
2.218483530001194737e+01
2.505081186213639626e+02
2.156608549047443262e+02
2.440106350180811319e+02
1.929191812873456229e+02
9.727486183096196726e+01
1.004532498672657539e+02
1.912365906782926004e+02
2.179216596117311155e+02
1.886010964878517200e+02
2.075920048711998334e+02
2.393673822690741702e+02
2.360274710648358507e+02
2.190938295701428444e+02
2.272746754247586694e+02
2.480639881074226594e+02
2.490243202176014563e+02
2.228542555816480899e+02
3.304886068749465267e+02
2.326908245961012085e+02
1.994370427103459349e+02
1.887263838857896587e+02
2.643712758025590688e+02
2.655177360059815328e+02
2.334743858725967698e+02
2.586295588888054908e+02
2.288552548332201013e+02
2.205284375379014534e+02
1.961690299035233807e+02
1.826001563138879646e+02
1.938149502136906221e+02
1.000202656868997479e+02
3.891360932513160975e+01
2.028266815110926018e+02
2.483755435335863808e+02
1.414403612110945403e+02
2.387077060832274356e+02
7.563111746741252261e+01
2.609119437388887377e+02
2.347466837960692487e+02
2.024160851690485572e+02
2.388727790472547667e+02
2.333787444309329828e+02
2.539702262294584330e+02
8.986233485146244959e+01
9.655305674982491837e+01
2.208215840457037871e+02
1.203404427176870541e+02
3.145351402023763399e+02
2.108544045196286447e+02
1.970427719094169561e+02
8.863201225416763407e+01
2.466628269084627050e+02
2.031150698469583631e+02
1.904203982240312882e+02
2.295343763485575153e+02
2.829560426378465081e+02
1.733698688816256492e+02
2.081473539614336232e+02
2.554199739192911522e+02
2.146678996334925102e+02
2.157509667397219744e+02
8.385204961917246180e+01
2.019462354519864391e+02
2.291058570406590889e+02
2.981820163810185704e+02
1.086420783718135681e+02
2.088552797298497410e+02
1.798558652859306335e+02
3.173269326370564727e+02
1.876420694987509705e+02
2.392806508371930079e+02
2.460175847966058313e+02
1.492560334413865633e+02
2.068129197933573948e+02
2.213092961985597071e+02
2.331181184450795456e+02
2.215321075548356475e+02
2.523563012234324958e+02
4.157275461259734328e+01
2.292151327844709670e+02
2.227552943932267340e+02
2.128713308487393476e+02
1.952533188247276996e+02
9.520455971457681699e+01
3.385236553619481583e+02
1.896182704757982265e+02
2.114889650037997626e+02
2.233039869062778848e+02
1.462203352520336921e+02
1.259375354642046148e+02
2.790084736762405271e+01
2.407469832944174470e+02
2.212721379328836235e+02
1.612293652298897939e+02
1.892077173612603360e+02
2.448905912850450193e+02
2.516785492560173623e+02
1.036567965822049473e+02
2.458224029088795248e+02
2.273888759818806307e+02
1.879809925758403892e+02
2.472669562271820212e+02
2.148672064944147735e+02
2.005982789103855737e+02
2.491407489922277705e+02
2.056434663454005261e+02
2.103697518091924508e+02
8.818387672849124215e+01
1.725693931646416672e+02
2.602379978531450320e+02
5.785753534063843517e+01
2.320342378557381551e+02
1.807292091164775627e+02
2.376718300733403453e+02
2.339628749249500856e+02
2.181631413872165126e+02
2.342565944735097219e+02
2.090182733125814423e+02
2.341370459101517838e+02
2.136101355043743695e+02
2.153526833831818976e+02
2.241322170782997318e+02
1.681097465114964677e+02
1.840927064697980029e+02
2.279162329968564507e+02
4.694405689679211946e+01
2.062382584896423907e+02
7.670884732327195366e+01
2.011573542523495632e+02
2.226606746446963712e+02
2.149274815033751338e+02
2.779708338090021869e+01
2.387751276073080930e+02
1.635050195729605491e+02
1.158469799101803090e+02
3.436825587710004726e+01
2.037982890517855026e+02
1.647775978180990819e+02
3.024594713230749790e+02
2.310035605466442803e+02
4.083166745158460742e+01
2.196668986617184203e+02
4.132311026987463265e+01
2.275266757190536282e+02
1.259260070660706106e+02
2.472276742930362161e+02
2.365838849813963520e+02
2.193853754394223472e+02
2.323606603736799343e+02
1.861031059573475090e+02
1.193104175342666338e+02
2.187924407667026685e+02
3.033903430593351231e+02
2.113769028590575090e+02
2.495053427351994912e+02
2.262648826917041163e+02
2.010252508038300050e+02
1.113254156686711127e+02
2.374409341248680505e+02
1.922406124441102691e+02
5.812653201208426879e+00
2.522517991865706506e+02
2.165740282054732688e+02
2.286817836248724518e+02
2.332182028508971143e+02
2.522299050732539740e+02
6.928074998836189025e+01
1.913302708312263860e+02
1.961940494121072902e+02
1.818203053108127278e+02
2.183427049961943283e+02
2.156969487078299608e+02
2.114715169454215129e+02
1.945881290669770465e+02
1.855967358581222300e+02
2.420205740286509126e+02
2.215767923179531920e+02
2.188081404433480657e+02
1.410760143363806662e+02
2.016913511426703565e+02
2.056695263512382326e+02
9.681074074745380642e+01
2.176233553051350498e+02
1.997520726375483662e+02
9.285622649462306200e+00
2.017694293962697998e+02
2.129949117675207333e+02
2.369305522207293961e+02
1.929295446418661868e+02
2.559271158912723081e+02
2.076478253174503550e+02
2.179165098476791513e+02
1.542838799623896477e+02
2.576288521710631017e+02
4.842089435162201028e+01
2.238247306989245544e+02
2.329016123961968106e+02
2.332458417157956490e+02
9.581326101304725285e+01
1.867130071758296879e+02
1.870122877623758484e+02
2.598604630601915346e+02
1.555477444436077690e+02
8.667485419074368735e+01
2.536485177401149542e+02
2.300682395063372496e+02
1.644756316513312697e+02
2.375745564347530490e+02
5.775276301542402280e+01
2.352646005497490478e+02
2.054901013042322404e+02
2.213625288486948364e+02
5.117656256051005670e+01
2.072877395842075998e+02
2.226255099005916236e+02
6.849206719585228598e+01
1.881642359227286363e+02
2.202222176093188466e+02
2.066853963365649065e+02
1.313518152423788194e+02
1.191734808007582416e+02
6.955868753306027941e+01
1.031981126464318237e+02
2.518852269891425806e+02
2.365083209678654441e+02
2.331031511555731015e+02
1.290426860604257513e+02
3.015243585851115427e+02
1.004655693055169685e+01
1.951292359303902231e+02
2.436847567940443469e+02
5.394266388184196614e+01
1.537611440477218849e+01
2.070802566647419098e+02
2.151271820051912300e+02
2.333028454882210951e+02
2.240700001808125137e+02
1.789289376729396110e+02
2.475843026845248858e+02
2.368381787355978076e+02
2.256148092434717398e+02
2.796714654566723084e+02
2.055956962926211418e+02
1.022172293047687361e+02
4.923699891724875499e+01
2.415544262495369310e+02
2.803375261640819076e+02
1.868541231747759923e+02
2.383365570445617152e+02
2.254960676692419952e+02
2.102811717159398199e+02
1.805604676594809348e+02
2.308665445637394953e+02
5.257425404973538718e+01
1.929778949797430982e+02
1.936018277471158342e+02
2.171811805193673592e+02
2.378134015331188493e+02
5.391877573315142058e+01
2.124254189989590031e+02
9.163206954463821319e+01
2.152718834267991781e+02
2.256854235732259895e+02
2.231535573205292167e+02
2.319156952962182459e+02
2.453632872803384828e+02
2.163600454897358816e+02
1.830092895508549304e+02
1.479209197999404637e+02
2.039156772470971362e+02
9.339336053262417181e+01
1.503339188297708233e+02
2.338737292328887349e+02
4.542672955866747486e+01
2.530513865271864518e+02
2.161293502819239905e+02
1.310762973446187232e+02
1.652044670716430375e+01
2.160757696142305804e+02
1.762679677386029198e+02
2.173325866861477209e+02
1.847467430664501933e+02
2.338909037638760537e+02
2.719741316545550376e+02
2.314932537215746322e+02
2.581611850102798371e+02
2.021721681371656700e+02
1.069360783679323248e+02
1.926712832582123269e+02
4.670415955403870356e+01
2.475173945262075677e+02
2.368672502052759228e+02
2.312342552016172590e+02
2.331332421470811767e+02
2.517913253103915565e+02
2.562134539532375470e+02
2.248514214263572342e+02
2.489238804889428138e+02
1.297929841165691869e+02
2.469071060341560724e+02
2.164442814225646146e+02
1.472905539924152052e+01
2.238993128053942030e+02
4.209019245207167614e+01
1.828602302916066833e+02
2.236618849711138637e+02
2.080035563610095153e+02
7.010085119818508304e+01
2.104809951024513168e+02
2.156250201348609608e+02
2.039536622952267919e+02
2.194683129818023986e+02
3.311971936253804643e+02
1.981023300724314140e+02
2.154540965978171698e+02
2.304904546356831361e+02
7.464281035315077872e+01
2.337095716362319138e+02
1.140808732465532813e+02
2.501662089579095323e+02
6.034742000812215679e+01
2.929114416092895112e+02
2.455238206018485414e+01
3.155158624175080035e+02
2.242475007636035116e+02
2.638654194435786167e+02
2.538242249086343065e+02
1.836704636459910773e+02
2.284471055710884002e+02
2.457639279767035987e+02
-1.174251613998789168e+01
8.303196512779398120e+01
2.371714237629437605e+02
6.960458445057084020e+01
3.257204929145065080e+02
2.189278283806229979e+02
2.142189744920189014e+02
1.879033674580813340e+02
9.009570427470049481e+01
2.065581090234591102e+02
7.020485342261402195e+01
2.432885349143405449e+02
2.235583935533792896e+02
4.856908178726588687e+01
2.334884302281845123e+02
6.940586660549276132e+01
2.270960840573053190e+02
2.362043618347341294e+02
2.055449964784648671e+02
2.001917696805015225e+02
2.265196560976444573e+02
2.047886478606231719e+02
2.276922570026258654e+02
1.983450968806841956e+02
2.778429015958220560e+01
2.074382128532319882e+02
2.369354985044768966e+02
2.198743327281566735e+02
1.859307648010684773e+02
2.394120452522008975e+02
2.037697901430724414e+02
2.050616386189385025e+02
2.409515904545038438e+02
2.304113625641280407e+02
1.879877667215119459e+02
2.150879135465046090e+02
2.466912048395672059e+02
1.894349909837543464e+02
1.940071302172991068e+02
2.228790900515469389e+02
2.161563120766806492e+02
2.400083295607136051e+02
2.293002915079121067e+02
8.182483380334763012e+01
1.998248742810178555e+02
1.990594285333209541e+02
2.451091233356038117e+02
2.160126418780197639e+02
2.497041522116057592e+02
2.552879775419528414e+02
2.212429015782950898e+02
2.431752866736032388e+02
2.223297923740530564e+02
1.729025831316148469e+02
1.797836185062109280e+02
2.367549288709650455e+02
2.506422368666804630e+02
2.134167928444314555e+02
2.863691468353943606e+02
2.890539989063715325e+02
2.355099531303267497e+02
2.293503421099116508e+02
2.077980840102780746e+02
1.743514628652727083e+02
8.760617089113804923e+01
2.174766060131131269e+02
1.576898133997300988e+02
2.399025110124514697e+02
4.014867468146957208e+01
3.097029234678050216e+02
2.235295219147276953e+02
1.719238070770474280e+02
8.349417054726069409e+01
2.388649991937679715e+02
1.717497953677849694e+02
2.353176078260779036e+02
2.295175586886889789e+02
3.746318324413243772e+01
2.282857712783952593e+02
1.963720218710754750e+02
2.268405016657121109e+02
8.314925653581889264e+01
2.203592757817039853e+02
1.990045270563189774e+02
1.975868646616195008e+02
2.241484601998132291e+02
1.868033209100421175e+02
1.876936577746582486e+02
2.041504829676646580e+02
2.228723817598506685e+02
4.957739812773715471e+01
2.977838029578423402e+02
2.416816808034390363e+02
2.177354528617743767e+02
9.976889443264758484e+01
1.959023567522612836e+02
2.056261591049338620e+02
2.433587486231990624e+02
2.142980291906489185e+02
2.157141880332919470e+02
2.583421423398610273e+02
2.242566025705283153e+02
2.421246822243645056e+02
1.299080404489086504e+01
1.991255391804999988e+02
4.170401815523317879e+01
2.183557383916116237e+02
2.412566681324390743e+02
2.677926147377441453e+02
2.478301093015480490e+02
2.133200991710780272e+02
2.666558876907046738e+02
2.451573288892939502e+02
1.658138496107537776e+02
2.572828408993442508e+02
1.663076526659559988e+02
2.182109017129233166e+02
4.343838123984787103e+01
2.213075712319425463e+02
2.199097056231031218e+02
1.999123068329575403e+02
1.951922012673420284e+02
2.483091322590643131e+02
2.380067706812048982e+02
2.597519923444825736e+02
1.874080860578831391e+02
1.931729841080835399e+02
2.028616829282151173e+02
3.298047417037561786e+02
5.882942402652527392e+01
2.333505499312328197e+02
2.577919333961784076e+01
1.757028627454206173e+02
2.665330758071515902e+02
2.032702885814928777e+02
2.151607797983172929e+02
1.831653330663588974e+02
2.647834184648689302e+02
2.059772934424067614e+02
2.549163064442777511e+02
2.282013614235726777e+02
1.877013722782971854e+02
1.820434378973095875e+02
2.005807958645760039e+02
2.896581662492594660e+02
2.435752408277794814e+02
2.472609742530199526e+02
2.410580236405143069e+02
2.393895555765848542e+02
1.958582300162541117e+02
2.074541482491445663e+02
1.975012710414405888e+02
2.480177902326682045e+02
2.327256425957652084e+02
2.025343030557577890e+02
3.194536664618772761e+02
3.142619338105659494e+02
2.237264876093070427e+02
3.376575992797438630e+02
2.198944782349585410e+02
1.779622033447207059e+02
2.407558295268907784e+02
2.166258753278461882e+02
2.457728208767377112e+02
2.259137361202904799e+02
2.208113073339163179e+02
2.011376889966192891e+02
2.786025096756168296e+02
1.928476563397103405e+02
2.129275757756111886e+02
2.010747511984643836e+02
1.909047013917094091e+02
2.615774942487054204e+02
2.284954431260150898e+02
2.524192530397154144e+02
2.424768358181439112e+02
1.669997804372577832e+02
1.949444843103418350e+02
2.889336846521075017e+02
2.491098298336961250e+02
1.993041021406999960e+02
2.301607459582694446e+02
1.850287234252153041e+02
2.026172478537135078e+02
1.894485576207440829e+02
2.181439616671088686e+02
1.787531666302876374e+02
1.836570959993547376e+02
1.461065376893578218e+02
2.557829462259036575e+02
3.933601783827811005e+01
2.058900372869551632e+02
3.396076519736532617e+01
2.271378850970761789e+02
1.416849434413907431e+02
2.265275845634918426e+02
2.506228949324224402e+02
2.130793420257196544e+02
8.557528198911177242e+01
2.070883893482236147e+02
2.380364606143993740e+02
2.074029493516561331e+02
2.382527463496169275e+02
2.264698423741482998e+02
1.926731258281787689e+02
2.375969472739126616e+02
2.216471756300300626e+02
1.958862608803244427e+02
2.238343314736030720e+02
2.410091507205821983e+02
2.640157389679052926e+02
1.759665839670430501e+02
2.160128745209960357e+02
2.189513461682503248e+02
2.044399109266011294e+02
1.961629025959969965e+02
2.432330104320959947e+02
1.061802578534282020e+02
2.245928593603055106e+02
2.142130003212976419e+02
1.828074306540168834e+02
2.215587195956394169e+02
1.117027754288321830e+02
2.233893118759329468e+02
2.297620386905766168e+02
8.624886482468475890e+01
3.257097983034288404e+02
3.130446186066849918e+02
2.184724478205443745e+02
2.424093433980572456e+02
1.722741822844901094e+02
2.036037112047536937e+02
2.166460530099529080e+02
2.502612542826659308e+02
2.248395375716263516e+02
2.534131756742167170e+02
2.198737390077371572e+02
2.307365096494492320e+02
6.403244554260049881e+01
2.305370819639834110e+02
2.227779127011183959e+02
2.357664092993161375e+02
2.326316796011263932e+02
2.202290428139921801e+02
2.230490435380499434e+02
2.033649307389254091e+02
2.518252393600284051e+02
2.247163864410541692e+02
1.147314160022951199e+02
2.101906059806440226e+02
8.176837659407826209e+01
3.233426744715862355e+02
2.267468637461299750e+02
2.474630976587626776e+02
2.098524830738281537e+02
1.651667468667208709e+02
2.253303760759782790e+02
1.868044834859401249e+02
1.963707438450773566e+02
2.378261816476667718e+02
2.201231250261258197e+02
2.316885913983673504e+02
1.983985894875133340e+02
2.035911904877312111e+02
2.521966788973558380e+02
9.726031493783884230e+01
2.291829574424708653e+02
6.542180042583017041e+01
2.406462232974457720e+02
2.480475821236958325e+02
2.215462975863413533e+02
2.466597628409643903e+02
1.950290979146491850e+02
2.165315118861411179e+02
2.032318048814167923e+02
2.200606145280021622e+02
2.249359207759991079e+02
2.079508524105447407e+02
2.040804958740369557e+02
2.192494590837249291e+02
2.469996333339204853e+02
2.705849288495094811e+02
2.453420267212409556e+02
2.251158913712493472e+02
2.528706198821021758e+02
2.312503269839282609e+02
1.016687314165120455e+02
4.347966454576969397e+01
4.983810306093376141e+01
2.132880481653899949e+02
9.960466496446140638e+01
2.361404383502372752e+02
2.226244565289660784e+02
2.322797392656304680e+02
2.585231533250622533e+02
2.200746770727752164e+02
3.178214590099942143e+02
3.313792552355701559e+02
2.096040547318432630e+02
2.438074924809840809e+02
2.180470137657019620e+02
1.362309224191152168e+02
2.256298729696478915e+02
2.507183007733680427e+02
2.083769926765158971e+02
1.974035242665823375e+02
2.039384151954566846e+02
2.532892375725655256e+02
2.290547760782639273e+02
1.682332920748630727e+02
2.390623268047831687e+02
2.049024690652667573e+02
2.504701785123472746e+02
3.058903657734034596e+02
1.897119350071929489e+02
2.442498542312058589e+02
2.144834986582445424e+02
1.919598609097063502e+02
1.930945664851869310e+02
3.266156879677571965e+02
2.190921277859304155e+02
2.275472071568573540e+02
7.615997379504250375e+01
8.719427954966398886e+01
2.280765457859353944e+02
1.890653371761579820e+02
2.335335603205564041e+02
2.146985222602261700e+01
3.094784335641494266e+01
8.610119117200022743e+01
2.555031530266739992e+02
1.561967822868359690e+02
2.231640647125900045e+02
7.087978476210710710e+01
2.053433773322192337e+02
1.989427968135275080e+02
1.623878624303445690e+02
2.365713522351873905e+02
2.118481550723626015e+02
1.108725328936720729e+02
2.374890111736654035e+02
1.623493733475786485e+02
2.235546008671655613e+02
2.273097532074776552e+02
1.975888027258070849e+02
2.766331267641194813e+01
2.226582490190147041e+02
9.027686462086234087e+01
2.382685459823356666e+02
2.472973410227527609e+02
1.937104195834753284e+02
2.082176645117332896e+02
2.383685099566131669e+02
1.841966919397360982e+02
6.276750207939150528e+01
2.411303589813711881e+02
2.404200601921071154e+02
1.125204940531189948e+02
3.884787799776189843e+01
1.213332064291691665e+02
3.151475762248462047e+02
2.436686546649541469e+02
2.084055565666207599e+02
2.420451508199910506e+02
2.043010326456546579e+02
2.221986184687199852e+02
1.059656215206532437e+02
2.416156823469663948e+02
2.051853125163636662e+02
2.100452246580058215e+02
2.378961308584491974e+02
9.054441296271049566e+01
2.109618210222754726e+02
2.416275288951206335e+02
3.189614042697954233e+02
2.249427397369932180e+02
2.615102532049467072e+02
2.194924207150008613e+02
2.024637911650144133e+02
1.522872559485523709e+02
2.279429751088558760e+02
1.928003269385839928e+02
2.220953891209227891e+02
2.224809505266353824e+02
2.099293922109856396e+02
2.152870577883357583e+01
2.432516200099737205e+02
1.335181524747743822e+02
1.442819209761241268e+02
2.387412980731010066e+02
2.135128959524242589e+02
2.220557303946606567e+02
2.254705615607708467e+02
1.987912367254448327e+02
3.063227421170827824e+02
2.127639740521891270e+02
2.516274635937501500e+02
1.954239365031261286e+02
1.830566025754768873e+02
2.444406511368376300e+02
2.038575680014866407e+02
2.379988021256087904e+02
2.353050135393884830e+02
1.879381040476126827e+02
2.197415159596708065e+02
2.372326063053314726e+02
2.328801070464645022e+02
2.474505663754611362e+02
2.148079963121935805e+02
2.033938092940328204e+02
2.132192587949523670e+02
3.094744096388463959e+02
9.889806056893323216e+01
8.361157997836714628e+01
2.390484785249965967e+02
1.788820221219366431e+02
2.163750309400833771e+02
2.270553305256402723e+02
1.947421549949956159e+02
7.004407258746032028e+01
1.312871323105452781e+01
2.296216999775450347e+02
2.095816570261021354e+02
2.314314726288480415e+02
2.082431394492707568e+02
2.053997631961692889e+02
2.099610559453068674e+02
2.184468769471735357e+02
2.817034091324894121e+02
2.321650172005805359e+02
2.423780235063156567e+02
1.500324298549384139e+02
2.533469654963718085e+02
2.318104918374269801e+02
2.121609010166901612e+02
2.060875396686845136e+02
2.485134278248703765e+02
1.025122497344344481e+02
2.220816101523705299e+02
2.477592595000383255e+02
2.354072999145374752e+02
1.952386873621507846e+02
1.305098880312954748e+02
1.853849286785874142e+02
2.317579476698577139e+02
1.481563937490598732e+02
4.175038134959601877e+01
1.536135262245483943e+02
2.252780754666457312e+02
6.877346560428679823e+01
1.960480825061538894e+02
2.324471254228750468e+02
2.150779944297889585e+02
2.001167303082093838e+02
2.181336964145564536e+02
2.407725336986800926e+02
1.852261914439299630e+02
2.351164385491705957e+02
2.498773800543312120e+02
1.085648268537943828e+01
2.363658044538149170e+02
2.516504441578090052e+02
1.936139753917728967e+02
1.259191706686309402e+02
1.947018984933518482e+02
2.690523891218223440e+01
1.977789285893120450e+02
2.035307701967865057e+02
2.580566936440815198e+02
2.300397381677038879e+02
2.298084391808552311e+02
2.285536380517744988e+02
2.155518767806238998e+02
2.449171909939910279e+02
2.257883287518308748e+02
2.069747710969604526e+00
2.566671579294394405e+02
2.124388881093615566e+02
1.999760423117417361e+02
2.150225295850493978e+02
2.319155962905024921e+02
2.203461281262914042e+02
3.260179374677169335e+02
2.059707105841505097e+02
2.335374853774426924e+02
2.055930058861338523e+02
2.406489120212267778e+02
2.861097699863905319e+01
2.575146715659693086e+02
1.822134273112746996e+02
2.295132723434128081e+02
2.090712292322729127e+02
2.140300403280637056e+02
2.284220996003736275e+02
1.126666601351102486e+02
2.471248633970630806e+02
2.377315351697309040e+02
2.196773728024477350e+02
2.220457631418756534e+02
1.871304526475487080e+02
2.117066267648845042e+02
1.930963131376273623e+01
2.646850066616824506e+02
1.912904596390163192e+02
2.028173662412596059e+02
2.014807648025295066e+02
2.087020793937576570e+02
2.238608442517002857e+02
2.183036592081984679e+02
2.280644335037050041e+02
2.411082298856979094e+02
2.077663947546554084e+02
1.882797852627463726e+02
2.509228894154546197e+00
2.242147291845811026e+02
1.819691987077214321e+02
2.041802231500808773e+02
2.370614262538769594e+02
2.162014477429253532e+02
2.297372053568246599e+02
1.112319576591179953e+02
3.659390212531700115e+01
3.294385153026682360e+02
1.792512390653705623e+01
2.383295642149317644e+02
2.297638442891649504e+02
1.334092062253102995e+02
2.047906929478271252e+02
1.920990081020083551e+02
2.019189772080123646e+02
2.262089368195831867e+02
2.440482708771903049e+02
2.263724360917345848e+02
1.705586065662722817e+01
6.816170249299057105e+01
1.869802837062585468e+02
2.015411496031901493e+02
2.505436766716267130e+02
2.448839011701358856e+02
2.356231913544003191e+02
2.244168656774109536e+02
6.465402091779961324e+01
2.156226336177598455e+02
2.347317513779454714e+02
2.051866978717353334e+02
1.931028824995766513e+02
1.051514130690957813e+02
2.326796236418415731e+02
2.245574600734858564e+02
2.189143557441014423e+02
1.046040067693435844e+02
2.362366032770338791e+02
2.405590464485823361e+02
2.630308199564131542e+02
2.268747427906442056e+02
2.325919407946928459e+02
2.158474193975397952e+02
2.624753865175135275e+02
2.195289566872056355e+02
2.337803875961559754e+02
1.965160017083018431e+02
2.322809111618564089e+02
1.996117167284636764e+02
3.097653472402701027e+02
2.224054480500621764e+02
2.338862218052503579e+02
1.611925499418030938e+02
2.392252748411769971e+02
2.290972973599323268e+02
1.742278980005320079e+02
2.192614503757760929e+02
2.469144102482364076e+02
2.519799883648481398e+02
3.143242473568535047e+02
2.346999277067466210e+02
1.855991201769822965e+02
2.137472175057670256e+02
7.384225681088139481e+01
1.061437611515335391e+02
6.662391302028832740e+01
1.983071869628427351e+02
1.416611146593820365e+02
2.016378975029069807e+02
2.323936380743531060e+02
2.144310705859938366e+02
2.028502863937975462e+02
9.964344250572177941e+01
2.210303896806177590e+02
2.175848552474070914e+02
2.684914033104160467e+02
1.872158143382246749e+02
1.954732073182000818e+02
2.345062198005268215e+02
6.530305090124487322e+01
4.981351843502432075e+01
1.993955139237276342e+02
2.409029745110131273e+02
2.387097064204468779e+02
2.111714779523856578e+02
2.154508741808899401e+02
2.113983252942425395e+02
1.362926789490158797e+02
2.173116889385642878e+02
1.442901012177092639e+02
2.203152736221774433e+02
2.828104003736534011e+01
2.642161447166756716e+02
3.224869611791238526e+02
2.071926461999509570e+02
3.650591171632846965e+01
2.134016356527025380e+02
2.099492551700596437e+02
2.145653722026390824e+02
1.994237085724265057e+02
8.860655691987885518e+01
1.383000422404118410e+02
1.751465280748513180e+02
2.018315585552766720e+02
5.648160460284307760e+01
2.114331153930846483e+02
2.937289795168669571e+02
2.452370363757570715e+02
1.874092986586342988e+02
2.441266289784408059e+02
2.565730692735922389e+02
3.090521681952951667e+02
1.836742337087517001e+02
2.607585906252888890e+02
1.633668793147029419e+02
2.121797961343378631e+02
9.363962077856517396e+01
1.864923764259336849e+02
1.729257988284735177e+02
2.039630883917234883e+02
1.837380415521677719e+02
1.185091943877413030e+02
2.059511643308500197e+02
1.934206011807951313e+02
2.351178547755823445e+02
2.004767116749654861e+02
2.255031244439882130e+02
2.039404653284286724e+02
9.674715764423750031e+00
1.103503278765802236e+02
5.767845113130997703e+01
2.270205347996156888e+02
2.961164140641134281e+02
2.002879209146801429e+02
2.165999496228376984e+02
1.977835062446654888e+02
1.905098595149792970e+02
2.309681306375105692e+02
2.246885015278111553e+02
2.142691587544597951e+02
2.653519342257865219e+02
2.406047803965826688e+02
1.150092467079611538e+02
2.313542620165173389e+02
2.150577110025394063e+02
2.158754626253122240e+02
2.192745848491070717e+02
1.892033816258768866e+02
2.370213476264244150e+02
2.065004854212016028e+02
1.996244188440793721e+02
2.656543689116599580e+02
2.590922832381861554e+02
2.437277325788520557e+02
2.560441832831409101e+02
9.569023199594521145e+01
2.638182230891104396e+01
5.052690720791876799e+01
2.304185483946129693e+02
3.126220973286689855e+02
2.296103999297777705e+02
2.506240169273188201e+02
2.473357057809234618e+02
1.987282043085874648e+02
2.241271577953009739e+02
2.284626789976811096e+02
1.870952428738203821e+01
2.303374495507518986e+02
2.408825189550219932e+02
2.126343428208809598e+02
8.720467571186195244e+01
1.001742985378746624e+02
2.586192171220032492e+02
2.120101838377206036e+02
2.597855328848062300e+02
2.346660718797431571e+02
6.822326870553784772e+01
2.274376226494195521e+02
1.927084796928490107e+02
2.595234048410633818e+02
2.139473273460865528e+02
2.120858855162627208e+02
3.075385121706143110e+01
7.268203187496611406e+01
2.025729886372198507e+02
2.208645421737193715e+02
2.012758838878724532e+02
9.763918083902156297e+01
2.185562421715684422e+02
2.407021969572346336e+02
2.493074119652608260e+02
2.013308245848095623e+02
2.092424801626605131e+02
2.009977125998708232e+02
9.438455979617393155e+01
2.306812769878299321e+02
2.941843303943925321e+02
7.606901918263879736e+01
2.325241393034106352e+02
2.366502464946153168e+02
2.565847351097917226e+02
2.310161879515320322e+02
2.420211385894006924e+02
1.767308115112023756e+02
4.170961709289503716e+01
2.508375168434625380e+02
2.688907541923505278e+02
2.504899532739077586e+02
2.157031752549811188e+02
1.792970960380793031e+02
2.369390479316520555e+02
2.302223989123392016e+02
2.549143497011329487e+02
2.305364535399176873e+02
2.225637412852420596e+02
9.714297939709821605e+01
2.640470010326712327e+02
6.713035860584251679e+01
4.358077537486778397e+01
3.151738094198702811e+02
2.077651472210852148e+02
2.506735203531845855e+02
2.405216796186521719e+02
9.422837575779431063e+01
2.464986763037042294e+02
1.687566125102704007e+02
1.074789198635383940e+02
9.630261226919512296e+01
2.139374257213695500e+02
1.473345225102321194e+02
1.666543929050057216e+02
2.268952691300879678e+02
2.250526628621009877e+02
2.442469999764009856e+02
2.071127057634128903e+02
3.299855865660168774e+02
1.257939336730681816e+02
2.230816956569379101e+02
1.504564864147380661e+02
2.163380126462681119e+02
2.311868809833113403e+02
2.632332619147412061e+02
2.249112490369299735e+02
2.242507803201432353e+02
2.129624314261015456e+02
2.422056811039395541e+02
2.185770418638083754e+02
2.059553924330961365e+02
2.134416065207540498e+02
3.091584097406779961e+02
4.277117851048141262e+01
2.283064357149923183e+02
2.059466093379708980e+02
2.532007928207884788e+02
3.533642922809032427e+01
2.306012528192555919e+02
2.240760684166683347e+02
2.008252861924521540e+02
1.710543467430520934e+02
1.915370624870778045e+02
6.435819307605837025e+01
2.203771203001449521e+02
2.229372438109881216e+02
1.895340541453062144e+02
2.448728929101375797e+02
2.459189477365812309e+02
1.921961277459807320e+02
2.058573328788118317e+02
4.631157462029256067e+01
2.482460340532669250e+02
1.769784390522015656e+02
1.926769756086542884e+02
2.247909555026871260e+02
2.102673689813637736e+02
1.741191428037143965e+02
2.478987859921954282e+02
1.987981251717172881e+02
2.489841398533085908e+02
1.972682862680975404e+02
1.767991948660241235e+02
1.982499097407017246e+02
3.417952283438734185e+01
2.273354859350145034e+02
2.228784902875334808e+02
8.956352615813091234e+01
1.839120442038752117e+02
2.165078306588888495e+02
2.330640849597408817e+02
1.514848839634196338e+02
2.338053179467164284e+02
2.104121978397843975e+02
1.785312648709114853e+02
1.757040606624628936e+02
1.201430055578216098e+02
2.898639239154449569e+02
1.679637927549749747e+02
1.950679086879953275e+02
2.044339207253667610e+02
2.063348767848824821e+02
2.286512567349929270e+02
1.322939923069037320e+02
2.314628110054709396e+02
2.204955592250163932e+02
2.709606984061770731e+02
2.349738102350786164e+02
3.469200982457643931e+02
2.239240060528978233e+02
2.386306498250268646e+02
2.495058845753515300e+02
2.256204917860410433e+02
1.958465236680261796e+02
4.813647074578403817e+01
2.317124960149190258e+02
9.954672801327531317e+01
2.107166709499362867e+02
7.036662903884268871e+01
1.042174129417926025e+02
2.381180433835540100e+02
2.021367163775464348e+02
2.495892019325036415e+02
1.303872979377300965e+02
2.424189529717443747e+02
1.025380824854811976e+02
1.027014733651431300e+02
1.964791425487243544e+02
2.196544851527801256e+02
2.116186377099968752e+02
1.044958688887781761e+02
2.289844639063978207e+02
2.284796001153031568e+02
2.003206912596923246e+02
2.393206628490279968e+02
2.305863714435807026e+02
2.152465526204148887e+02
1.924277774003219861e+02
1.809390638231502351e+02
2.143752423360513433e+02
2.525227117643724739e+02
3.111163947192430896e+02
2.607010837117597362e+02
2.458946095297567922e+02
2.243405455005892293e+02
1.661791878215575196e+02
2.020134770271598086e+02
2.238492681719969539e+02
2.457436880645260828e+02
1.201910737471063157e+02
5.889348679617010873e+01
2.404981782678962077e+02
2.229733484748024068e+02
1.998616528631125959e+02
2.348366565171777154e+02
2.341868748423704005e+02
2.385038066984670593e+02
3.420090364374084402e+02
2.359391077560712802e+02
2.417570288023648288e+02
1.870324818275556140e+02
1.972747085915166281e+02
4.812494635073374383e+01
2.224942567132449085e+02
2.219499649522366269e+02
1.899493157564267847e+02
2.077580551148438701e+02
2.441441511951068435e+02
1.846315270602508747e+02
1.196094631255756013e+02
2.227816458311395422e+02
2.373625361716916302e+02
2.385077242172416163e+02
2.177134219174877217e+02
3.761361097292530786e+01
2.197352298971366338e+02
3.683716267215049811e+01
8.128065765394876507e+01
2.089494409858679376e+02
2.106087711360759158e+02
2.553392733409511095e+02
2.569228206708253310e+02
3.494959406769652901e+02
2.061836513149288521e+02
1.976492466536090831e+02
2.225391250033470669e+02
2.464580874161484587e+02
2.154424728024524143e+02
2.592930538034862593e+02
2.255747612905397546e+02
2.394892103777429782e+02
4.805640597530187819e+01
2.267007975968495543e+02
2.359753294044453185e+02
2.249209485501803840e+02
2.016841724581015285e+02
2.044405905907097463e+02
2.437143994894803427e+02
2.108335053100591381e+02
2.073101513876079309e+02
2.443489382458864441e+02
2.197328035759953764e+02
1.559801416485614709e+02
2.182582926596772381e+02
3.129532171028657217e+02
2.078596783497098670e+02
2.303271924740958809e+02
2.219127172101561314e+02
2.192779802590562213e+02
1.563079480529644059e+02
5.711820309420863140e+01
2.278755480440634642e+02
2.455493637486802072e+02
1.750437647354065689e+02
2.523965082954041179e+02
3.008961838629650174e+02
3.230951482468516360e+02
2.244975305509448162e+02
1.856851587540833464e+02
1.936854146962870971e+02
1.777347781842788663e+02
5.559839559226589500e+01
2.680229760445773834e+01
2.248834776311817336e+02
2.676320588522506796e+02
2.294101348921926729e+02
1.892548391398700005e+02
2.382413465883856531e+02
2.306588974954331945e+02
2.127706075177469245e+02
2.094327522360698310e+02
1.441817565241005461e+01
1.867052968451247068e+02
1.958110826713526080e+02
2.287137613289638693e+02
2.399641417951064568e+02
8.430077951616833332e+01
4.310486137449832711e+01
2.185600676630942303e+02
2.273724275620228639e+02
2.710385939815209326e+02
2.177902055070989036e+02
2.270924929722565651e+02
2.056267148515457563e+02
1.018871648442544853e+02
1.909433830325706367e+02
2.293082087601339936e+02
3.378204148151568376e+01
2.303149011082430491e+02
3.048778315956858478e+02
2.236843839990862080e+02
2.275062596532608552e+02
2.396446706592330713e+02
2.240114399445549509e+02
2.191395412439956942e+02
1.914467323591778154e+02
2.068601734725411347e+02
2.266649582399345491e+02
2.288415244126486527e+02
2.112257897923022369e+02
2.315814339447685200e+02
1.974287308003540033e+02
7.607594796251208891e+01
2.146990654087727250e+02
2.369560774660927223e+02
2.020806915963546260e+02
1.951057783777343957e+02
9.103035066882540605e+01
2.285291548139442170e+02
2.406703833956723031e+02
2.367890534401883826e+02
2.179053363545636728e+02
1.918644491482777426e+02
2.377918545534590180e+02
2.341597313422471132e+02
2.113842300457288559e+02
2.187617305353734025e+02
2.455419686963609536e+02
2.437568647565692004e+02
2.196918284224385900e+02
2.345518572158288464e+02
1.871381261382497314e+02
2.031943779920723330e+02
2.209164788639047856e+02
2.215987482304952323e+02
2.272899614527872245e+02
5.567051701610630943e+01
2.262676158333698311e+02
1.900704750439068391e+02
2.121741680264906620e+02
3.019230204119970722e+02
8.889983335449697677e+01
2.377514691016886843e+02
1.939862996335315302e+02
1.234737814048894080e+02
2.110433493540901395e+02
2.490499687443733592e+02
2.098551540297226268e+02
2.276539345734288418e+02
2.211461794360813542e+02
2.092601194584965754e+02
2.773442690551440393e+01
9.383811604602053436e+00
1.228905917837180510e+02
2.339969844686146416e+02
2.230535517394409624e+02
2.008627836024334954e+02
2.052451753359233351e+02
2.044833423393526459e+02
2.399081599003851011e+02
8.905127264864105996e+01
2.512939936047609706e+02
2.099584996979354301e+01
2.420479631539480749e+02
1.964947797104508993e+02
2.320258006991811612e+02
8.691375363314060110e+01
1.214868543185799012e+02
2.651526403737800592e+02
2.134601620081205908e+02
2.558787451352277458e+02
1.947235152354568868e+02
2.110548008268678473e+02
8.359505827447495108e+01
2.071625744647967906e+02
1.193155134645853082e+02
2.281061542704004523e+02
2.449993979539605675e+02
1.740857273654828816e+02
2.095320036469370280e+02
2.499962477781388657e+02
2.420908937690329878e+02
2.178563810851317157e+02
2.088314917760826006e+02
2.347348669084420010e+02
2.447753416973333458e+02
2.224182022843790492e+02
7.188669164008717871e+01
2.211109135098303682e+02
1.382450486519985873e+02
1.294332050212923377e+02
2.157166724673132592e+02
1.691091164321918257e+02
2.020740658792337570e+02
1.050516656759395033e+02
2.146887921825181422e+02
9.302614927427336511e+01
2.403247939234354362e+02
2.099192283696541779e+02
2.185162000660316153e+02
3.206198436976505377e+02
2.422780330661266248e+02
2.032232814351002048e+02
2.529935708749245293e+02
3.308741472680256379e+02
2.937399154445645308e+02
2.207083484485931990e+02
1.004344228722277137e+02
2.291447922336486158e+02
2.152395483656540023e+02
1.960660875911100334e+02
2.045813217609421315e+02
2.532010311767121209e+02
2.486775974146331407e+02
1.910759535107722513e+02
2.475080941968620323e+02
2.039310561325374067e+02
3.165229960302531822e+02
3.438639383685185749e+02
3.434116457388597610e+02
2.012215258452293085e+02
2.037806238359693793e+02
2.168817170275277419e+02
1.288251580397207192e+02
2.375270904140077732e+02
2.208667001059494339e+02
2.702409132701273506e+02
2.288815551449571899e+02
2.292038125903248726e+02
2.534049740710402148e+02
2.468277878110077950e+02
1.739948911866153196e+02
2.209821366843525539e+02
4.258623611282191490e+01
1.877837011767100250e+02
1.792687278966814404e+02
2.355182295622590516e+02
1.297071859938685101e+01
2.316686659410722200e+02
2.279363349992019891e+02
2.258992214614738145e+02
2.170482484699393808e+02
2.031902794014339406e+02
2.477249147675227903e+02
2.032432306486910534e+02
1.904798223788026803e+02
2.521530794949123901e+02
3.189884943684947416e+02
2.638734211298309447e+02
2.258883602678656359e+02
2.456139379271365897e+02
2.146202093570355203e+02
2.150539541890848909e+02
2.129242797504330440e+02
2.259555260644631574e+02
3.362862430736327042e+02
2.089541581899368623e+02
2.049440945464360198e+02
2.294118089611119160e+02
2.149397612382292095e+02
1.232614949316784134e+02
2.144812399105509826e+02
2.519888362994057616e+02
2.215866751612138046e+02
2.430022636023956011e+02
2.265106939511947814e+02
3.416894099239779052e+02
2.134996140965589007e+02
2.457848860738170060e+02
1.877893774051297271e+02
2.310188100985175197e+02
2.371671492257775071e+02
3.638830773742594005e+00
2.212953637137246403e+02
9.605078331163551297e+01
2.534640012544407739e+02
2.312602444315689638e+02
2.223521146124458596e+02
2.448242975221173481e+02
2.337482608014332186e+02
2.125046396774494610e+02
2.390176715143321360e+02
2.150620354449791876e+02
2.146217642229386513e+02
1.986278888292036413e+02
2.128554097249854067e+02
1.424904489226059638e+02
2.302993404979550860e+02
2.200128860333527996e+02
2.157602504494268771e+02
2.234747464811492250e+02
1.262687528327525399e+02
2.322612257158573925e+02
1.650754452161961012e+02
1.001000898899880127e+02
2.246932632930073623e+02
2.554167084941861674e+02
2.391073446814151282e+02
6.732665661155505177e+01
2.365923402232222372e+02
1.208710739806516301e+02
1.037654229534099670e+02
1.272059088391319222e+02
2.375533274232899430e+02
2.276955046565392706e+02
3.641329324238695619e+01
2.229040164106504278e+02
2.189314240796193758e+02
3.264527506211803143e+02
1.767032776859039700e+02
3.864789715659264857e+01
1.980008778513003165e+02
2.404130098495257926e+02
2.192904841922832304e+02
2.619671921289692023e+02
1.061553974079816420e+01
2.245805634246283375e+02
1.893639218447410144e+02
2.333407707936543716e+02
1.729168058675427062e+02
1.855112355361638947e+02
2.619177877289550338e+02
1.368659899119739087e+01
2.580885062749255781e+02
2.816007787301293064e+01
2.286866018827012113e+02
1.973035413252855506e+02
2.093960164290529349e+02
2.297128770327297502e+02
2.005907636512703220e+02
2.345880472947903854e+02
4.936377859610534102e+01
2.325452871243154505e+02
2.540843328064950697e+02
2.236158767968292125e+02
2.086919315329826929e+02
1.962677465535809063e+02
1.067357591153355969e+02
2.231019679277196701e+02
2.316819468775999269e+02
2.287880458245066393e+02
2.391580927505432044e+02
2.327876109687037740e+02
2.312023985781098929e+02
1.375745607995377497e+02
2.272337063804278898e+02
1.763335569166946186e+02
1.962337041540043288e+02
2.297553334072051712e+02
1.092053847582433548e+02
1.674513391362704340e+02
2.620371036736322594e+02
2.594838532829159305e+01
8.259781110904465606e+01
6.834304896124922379e+01
2.040016657165747063e+02
1.214859720785949406e+02
2.086338616878368271e+02
2.172516127105800194e+02
3.713633972760223401e+01
2.038006279747234260e+02
2.252373133275934833e+02
2.283449024056560859e+02
2.863848747564491646e+02
2.429008576915661877e+02
2.526380908599484769e+02
1.821402721311827406e+02
1.917434848805795298e+02
4.107067055226242047e+01
1.351535742711049863e+02
2.408759310361638768e+02
2.242553592452394469e+02
2.153875154448447233e+02
2.122314581877918442e+02
2.465510514622638425e+02
2.291498792794565134e+02
2.174588565762764176e+02
8.649603378826709843e+01
1.930025478651407127e+02
2.184101284489414070e+02
2.309931189428693301e+02
2.224388947912988215e+02
1.991583661781577064e+02
2.137486248412214991e+02
1.920298412850262082e+02
2.284330117708593662e+02
2.427177985404962897e+02
2.250707281631336514e+02
2.122636923460228786e+02
2.295451881732194011e+02
2.155816599794906097e+02
2.430040275690751059e+02
2.231259938392825006e+02
2.355539780437765955e+02
2.930873984765765385e+02
2.450320874841648049e+02
2.206834823822958640e+02
2.285053422799085183e+02
3.178741168938105943e+02
2.064310722966052367e+02
2.006611478494281187e+01
1.419423086193770018e+02
2.005700803645657402e+02
2.386897500731564890e+02
2.267319769679518231e+02
2.139514423854674021e+02
1.835602761724329355e+02
2.224690493831797369e+02
2.999178114794078738e+02
2.241834880811086634e+02
1.591360748072652314e+02
2.518761926873892492e+02
1.957007170610420417e+02
3.014986239580249503e+02
8.383905829248770658e+01
2.139612572058758531e+02
1.137848451070318276e+02
2.228370804184376368e+02
2.443462614568104527e+02
5.019785026594127686e+01
2.023736230706137746e+02
1.853048051799051166e+02
1.871622169294377045e+02
3.029525086100761655e+02
2.467535101936155115e+02
2.209370769782698574e+02
2.209240626528674909e+02
2.117337529993695568e+02
2.015120922124395406e+02
3.121140430334847338e+02
2.178275461454406923e+02
5.406094724200961821e+01
9.383013537852406216e+01
2.215460968248934250e+02
2.262873820102677769e+02
2.223743093194578080e+02
2.474676423999213455e+02
2.377332016165875928e+02
2.945088335220493292e+00
5.985614839184350444e+01
2.391234625234631039e+02
2.288512304437647629e+02
1.860116445796339519e+02
2.372600725064349376e+02
1.979391196259596484e+02
1.994173481237939711e+02
2.262917654040226694e+02
2.019516801020687637e+02
2.126923703031307298e+02
2.141952297106742833e+02
1.418485495458500338e+02
9.379232041833157041e+01
2.011536191290009867e+02
2.120211158398226132e+02
3.233618311578572388e+02
1.974747211206459099e+02
2.466776067289340517e+02
2.493794280563145804e+01
2.172268288238539640e+02
2.350494936360399834e+02
2.408344969149178496e+02
1.983775038876738392e+02
2.214762423055048544e+02
3.127756967559060968e+02
2.606793705197423492e+02
2.086745894242459372e+02
1.678742127305234817e+02
2.526737828051414283e+02
1.375273989325924049e+02
6.091066507130783947e+01
1.681698104424843621e+02
2.269346907764850698e+02
2.183314113829429175e+02
2.497331733129886402e+02
1.972301093004798815e+02
1.849729267784125852e+02
2.535530443526296267e+02
2.475061807037701556e+02
2.198672363631585256e+02
1.317575264733199560e+02
2.324244276807780238e+02
1.683645660697187338e+02
2.225417865664032888e+02
1.384743437459925133e+02
2.190101710312832211e+02
7.307780799497570001e+01
2.178296114829685450e+02
3.367676374029725253e+02
2.511262090607174571e+02
2.275896052760759858e+02
2.557562548002137532e+02
2.245489255447020867e+02
8.445763615041573757e+01
1.987793247805137469e+02
1.945004610254381134e+02
2.001612059947277373e+02
1.273571949374590950e+01
4.398971680373637128e+01
2.342593118878624523e+02
4.306313711458007276e+01
1.184062942810071775e+02
1.786791303278814667e+02
1.945153290783827629e+02
7.850918997559494983e+01
2.030854902567985789e+02
2.307274355757243995e+02
2.562153129071921853e+02
1.812856555975384651e+02
2.408090084253946088e+02
8.506321950773349272e+01
2.376254855730703355e+02
2.605572722382173083e+02
1.964393147192043898e+02
2.165964552156964373e+02
2.016423532666767358e+02
2.336553710689007630e+02
2.140025266035616767e+02
2.265148876054299194e+02
2.346471604598729641e+02
2.305104171221723561e+02
2.090739976356530292e+02
2.993112939598231037e+02
2.310819449676456827e+02
3.242281329210125023e+02
1.515288431831232288e+02
1.087434417719971407e+02
2.720955365019798933e+02
2.359716946127829829e+02
1.998681608101815925e+02
2.367198723619661678e+02
1.936537120430294010e+02
2.280028756907839522e+02
2.962371688135776822e+02
2.370645626500235608e+02
2.324965652845458237e+02
2.027250636904450403e+02
1.079415977615474844e+02
3.299837074243406505e+02
1.853584067784926503e+02
1.795505872165043968e+02
2.397260830779744936e+02
1.815903134982300742e+02
2.351119554856016123e+02
3.253663243907425908e+02
2.465917713063603287e+02
2.076262247229496722e+02
2.265474103093978044e+02
1.764076679370911336e+02
1.931232314238718573e+02
2.504939139756442046e+02
2.442912055463543766e+02
2.436139251931084573e+02
1.563555120703255170e+02
1.996779113358786617e+02
2.299789995173165380e+02
2.279285201981992941e+02
1.836335907624738866e+02
2.260097269014908363e+02
2.434814420855412607e+02
2.468363831158354174e+02
2.234100037630575741e+02
2.300860457601996814e+02
2.450043918210316178e+02
1.753692966243674789e+02
1.947357158960109302e+02
2.223408246681632363e+02
1.996201373345415391e+02
2.191888764657853130e+02
2.060290395940564565e+02
2.152675617503341243e+02
3.093017687887103762e+02
1.952326188612190094e+02
2.113305243031056477e+02
3.043058622791274956e+02
2.048280538036335372e+02
9.051299876210403283e+01
2.315517848421367262e+02
2.053667520226838974e+02
2.048015832397169333e+02
5.825304555029104847e+01
1.963611398307716911e+02
4.998249217683391521e+01
1.548511797092556321e+02
1.936526195378750401e+02
1.919324716694428616e+02
2.156121453446719727e+02
2.293575633779182965e+02
8.670441416571701154e+01
2.205352443995265901e+02
2.635059215925136300e+02
2.212356613829398952e+02
6.559403190394007765e+00
2.342407586746726906e+02
2.490586356117029538e+02
2.229577640268380208e+02
2.070635190400744534e+02
1.929128330995017109e+02
2.146519934633383855e+02
2.571197299839575976e+02
2.264748401670013038e+02
2.133578207567658751e+02
2.204028160637062115e+02
2.120496363655756795e+02
1.928405024917322805e+02
2.437191738000534258e+02
2.252750111808421138e+02
1.073146061557091002e+02
2.659191822579930431e+02
1.945157341859458882e+02
2.187248128974779888e+02
2.413956900648716442e+02
9.346365436317982756e+01
1.373212124045500673e+02
2.259087662195000235e+02
2.357118491463448038e+02
2.402455936499826521e+02
2.454963490477896357e+02
1.059107511274074511e+02
1.926240004930829173e+02
1.984942809401567274e+02
2.477595461795876588e+02
1.587685215527540947e+02
2.065559310529057484e+02
5.315176101311001133e+01
1.866532856149196391e+02
2.917492470817048797e+02
1.176148538738605822e+02
2.311715785450855947e+02
1.172352687888479608e+02
1.152438087853647630e+02
7.674032087945914782e+01
1.939545858131053251e+02
2.734410004978232678e+02
2.242719744433060498e+02
1.869879810289158684e+02
2.239370867050902802e+02
1.886049370405076502e+02
2.353717565337832696e+02
2.392040589198306577e+02
2.519375809269672004e+02
6.871730485940724975e+01
1.972646227998259008e+02
2.546858235499874752e+02
4.922177413944342561e+01
1.844769383849767905e+02
2.971434404242643268e+01
2.327117987750935697e+02
1.147253903520468299e+02
2.296906275382645504e+02
1.280175876587423431e+02
7.778528331029598064e+01
2.219247489221959313e+02
2.321373676330005367e+02
2.079009985504727069e+02
1.228647146596229689e+01
2.282351539918820436e+02
2.780981849871332088e+02
5.552215790126322759e+01
1.001855369330671834e+02
2.362272471492076704e+02
1.808447513403177425e+02
2.317012302895452081e+02
2.411849169281468619e+02
2.477429548494133087e+02
2.544695321447278786e+02
2.333005846607574938e+02
2.491463896806574780e+02
2.244578636181153399e+02
2.104692464495738591e+02
2.115664325913560333e+02
2.406390043968494581e+02
2.378120018936862152e+02
2.815362954831367688e+02
2.166310227707819251e+02
2.345489865740505593e+02
1.809253128710734018e+02
2.468855403184942787e+01
2.191125675454600241e+02
2.764026874036321146e+02
1.947710249376345928e+02
1.897615151110687748e+02
2.515172970658075542e+02
1.808219007922810420e+02
3.034350586888324415e+02
2.194356660243227850e+02
1.881259642317815235e+02
2.388391584460470369e+02
2.190378712339619938e+02
6.559416978484279070e+01
2.119853947556653111e+02
2.573364951485411325e+02
2.664797922813938840e+02
2.360673801855409693e+02
2.209970600238123382e+02
7.791295813054702535e+01
2.291992565600051535e+02
2.645821118049957477e+02
1.717787607056109493e+02
2.192269648015208077e+02
1.155642882290187998e+02
2.057993395952512401e+02
1.351577748901284224e+02
2.538368656293665140e+02
2.316853747596944118e+02
2.084011967943436048e+02
1.945165400108706137e+02
1.878883424099730064e+02
1.945472011886392636e+02
1.407429438344276207e+02
2.653424730187634282e+02
2.127494064348734071e+02
2.294111175612105171e+02
2.458150005452667699e+02
2.022946291446145324e+02
6.805185225706043184e+01
2.451922856030909941e+02
2.270534002443956183e+02
1.982933446661370454e+02
2.309699388051158451e+02
2.627927081330652754e+02
2.212905639734341889e+02
1.934966619864796940e+02
2.326107542653825249e+02
2.180164684865030154e+02
1.408443215951721754e+02
9.766323212587298030e+01
2.598885571161378039e+02
1.846163536165794881e+02
7.543664908391237134e+01
2.073836515964441105e+02
2.515186470104986256e+02
2.284727176283263077e+02
2.066017719067632470e+02
1.987888675144080253e+02
2.680082492361797790e+02
2.651253560013141737e+02
2.063196247450528062e+02
2.383632338459712230e+02
1.503955438114763581e+02
2.061919058647008853e+02
2.460156910880294561e+02
2.627027143951283961e+02
2.419598254627001097e+02
1.249280874751235473e+02
2.329737242279141753e+02
1.896568334319124460e+02
-9.469544571036355052e+00
3.203153620831913599e+02
3.485795136464111579e+02
2.447009280173156185e+02
2.413327511185806884e+02
2.505825226470774965e+02
2.794457438093602946e+02
2.021164072068682742e+02
2.111708786881082176e+02
2.313984597567519472e+02
1.905746641080464769e+02
2.081752686245471011e+02
1.626555349027274531e+02
2.155664683789895264e+02
2.524181647219056046e+01
2.151992336491024389e+02
2.226420656820880026e+02
2.270409766003459993e+02
2.535907582007669987e+02
1.442504939882761050e+02
4.346694518020500198e+01
2.890057260875739757e+02
1.985993106718508443e+02
2.204889874618928900e+02
1.916199850143165122e+02
1.932144593604191982e+02
2.319271442718663820e+02
2.257743741345825583e+02
2.569149549312806471e+02
2.315381119031586081e+02
1.707581587822099891e+02
2.566670441173822610e+02
2.451512671452679513e+02
1.082394360175752155e+02
2.408622290837521120e+02
2.372434332991886947e+02
2.067991322460799779e+02
2.343632716278309260e+02
2.224007945000582822e+02
2.352189903823914676e+02
2.237856526933621808e+02
2.990964784044086286e+02
1.724771978465372513e+02
2.375659031094770341e+02
2.387963463330142133e+02
9.344769557183300890e+01
1.558856149022610964e+02
2.142095397426095644e+02
1.384952781177593408e+02
2.474681556409514087e+02
6.087851619047687990e+01
2.277176138353492263e+02
2.479078021797485007e+02
2.217461959948001038e+02
2.295397008086592052e+02
1.987226724313026693e+02
1.953929416574162303e+02
2.454566620955339999e+02
1.603874183909727549e+02
1.948723210706349391e+02
2.485958841339638639e+02
1.006071346879604107e+02
2.516991553498660039e+02
2.453620920574130366e+02
2.244026709890557356e+02
2.017531250063154857e+02
2.191099753710753362e+02
3.143289701647496486e+02
2.365236294852767571e+02
2.259841309786971522e+02
2.168999880501543771e+02
2.047816826806954111e+02
2.307484430406959746e+02
1.609088369273363242e+02
2.402904170905800640e+02
2.153077570741764930e+02
2.601917852485828462e+02
2.032563030841710088e+02
2.353441818418227172e+02
2.105609757480699216e+02
2.413577041536155718e+02
2.223140953975131424e+02
2.378255661731864450e+02
2.351973292488029585e+02
2.700975734109053406e+02
2.120389139780930634e+02
2.399627403720723748e+02
2.476461030601775519e+02
2.212718962340560438e+02
2.020650406435146351e+02
1.998693006264805945e+02
1.779877364753589859e+02
2.119834473822501195e+02
2.580553092007784812e+02
1.925543553722085335e+02
2.424137019994677757e+02
1.740575188752618203e+02
1.810416847525956996e+02
2.144252766009070399e+02
2.621364661306014341e+02
1.505179901328832770e+01
2.496020066904330008e+02
2.000240965843591994e+02
2.527520495976013137e+02
2.200385545840532586e+01
2.492320330548362222e+02
2.104258647201812948e+02
3.032163287362555479e+02
9.032709260036915566e+01
9.419133948301271175e+01
2.200192239657991138e+02
1.878995160345032502e+02
2.267870175185589972e+02
3.398421945963190751e+02
2.048796358970747633e+02
2.064167713703454012e+02
2.079607069748172705e+02
2.197364754426660625e+02
2.919433372542672487e+02
8.835785786343434722e+01
1.896385587806027502e+02
2.671661646856796324e+02
2.171932424890818538e+02
1.601329159568491889e+02
1.730402544137960206e+02
2.314476677859754830e+02
1.216101743565245670e+02
1.904172441724723797e+02
1.696769961818139620e+02
6.915155419022227079e+01
3.362751507335146073e+01
2.217071006299523219e+02
2.013925968631873786e+02
3.812142477790434469e+01
1.221198615846945899e+02
3.278506263612042630e+02
2.133211537832585947e+01
1.426082435380709512e+02
2.024470100447966274e+02
2.386119426378881485e+02
2.208632044353883828e+02
5.630444762675270454e+01
6.297994102651903603e+01
2.094919479582084421e+02
2.114078525002154834e+02
2.417547307038051940e+02
2.093782053810473656e+02
2.058729574283601949e+02
3.246834531882104216e+02
2.102360321158112981e+02
2.138024425596055949e+02
2.213122857465384925e+02
1.916949551164260299e+02
2.218414778819231401e+02
2.238154831030616094e+02
2.375449497829951326e+02
3.112243283463204762e+02
2.268802371646359006e+02
8.159914462982384009e+01
1.939038721343525538e+02
2.169198795097781840e+02
1.809490574008644899e+02
2.562569864813538629e+02
2.030486614383805204e+02
2.080692924856589059e+02
1.400273013658986940e+02
2.108076103829756107e+02
2.096659148159595532e+02
2.377075610286958067e+02
8.764163496235804018e+01
2.280535155645385714e+02
2.189491777346209460e+02
2.170072695047428510e+02
2.198957098433022566e+02
4.381732989836326198e+00
2.653942140234674980e+02
2.154363289404617774e+02
1.092849749826074230e+02
2.134310158802539661e+02
2.552956105404185507e+02
2.013815051547123858e+02
2.073575170292328949e+02
3.167652050405238242e+02
2.272403476452009272e+02
3.147882734108846989e+02
2.049562102454047476e+02
1.038647261705223883e+02
2.203077649200499195e+02
2.156054586211789399e+02
2.159131016000312400e+02
2.017333802125538966e+02
9.962035936363041344e+01
1.436430429277879455e+02
2.100383517216233713e+02
1.997562840808181761e+02
2.288710128646987982e+02
2.178892557682411848e+02
2.360870706529524341e+02
1.856184235474153184e+02
2.077648218550298509e+02
2.248472081734620076e+02
2.127803525160671825e+02
2.016590940359598676e+02
2.531262098955456565e+02
2.264805946108354249e+02
1.977794047819007233e+02
2.127250294462525062e+02
2.835050099568231303e+02
2.109626538221860130e+02
2.226870957972429608e+02
2.281357690834130096e+02
1.828267377744799944e+02
2.221279662369506411e+02
2.614226882711059829e+02
2.313917142058961360e+02
2.324435266401362412e+02
9.558888266200236217e+01
7.070737912796609237e+01
1.874938409085446622e+01
2.188539839028477729e+02
2.227796968733969152e+02
2.824281412488033993e+02
2.245121894844338328e+02
8.803072779160031303e+01
1.852848002256436075e+02
2.071746111764176419e+02
2.307966741923393954e+02
2.384824038469223524e+02
7.303628588550044753e+01
2.559352147760413914e+02
2.133602134412514602e+02
1.978067868838877530e+02
2.576630440513530402e+02
1.863950514750025036e+02
2.260472179663196357e+02
2.051331489233762682e+02
2.531248738413709418e+02
2.373897605756485234e+02
2.205918178823012852e+02
1.926400336903342065e+02
2.420616307648069210e+02
2.265366004126535131e+02
2.047286804934305451e+02
2.277948624713712604e+02
2.050552819232785566e+02
2.259466387590641432e+02
2.087772145656147700e+02
2.127629287363664048e+02
2.080387041595277253e+02
1.743381968921063105e+02
2.500945860784746628e+02
2.139545874322834038e+02
2.028489694779443084e+02
2.115255560775113111e+02
1.954798519975302611e+02
2.198134339427035115e+02
8.831437502259721839e+01
2.169286251452451211e+02
7.267483560084777139e+01
2.483783517565316288e+02
2.100708606609260585e+02
2.273185655614742018e+02
2.234775573241673214e+02
2.350283859565687976e+02
2.235987585035820473e+02
2.513481073543680679e+02
2.549486840780073464e+02
2.087839123639196544e+02
2.117910686790149271e+02
2.264453513880509661e+02
2.168221977079504654e+02
1.973307548501098267e+02
1.908045979466490110e+02
2.180697639870602984e+02
1.676428840922492611e+02
2.216216461387091954e+02
2.110648219212779111e+02
2.965891285068194065e+02
2.241782010833730112e+02
2.551669081544029325e+02
2.084993354664788399e+02
2.424195510847400499e+02
8.411485156411578146e+01
4.770354695840688208e+01
1.908573711923273208e+01
1.904016590321431579e+02
2.992094440438336278e+01
2.373036771770513553e+02
2.059885110031392230e+02
2.093141409864243769e+02
2.444298154913989833e+02
2.360944816968563202e+02
2.378922711136069950e+02
2.247920297309809143e+02
2.421598031434299969e+02
1.971663354773175740e+02
3.160201340363589679e+02
2.559069221484139973e+02
8.710135700869844300e+01
2.320137740394738444e+02
2.037318811053283412e+02
2.353867713369871524e+02
2.092087460810335529e+02
2.081086173115766087e+02
2.203209281580110428e+02
2.113808621278352859e+02
2.805593455812178263e+02
1.959727711660520697e+02
2.434682342385826530e+02
1.455540945348587059e+02
2.135386018372013837e+02
2.157833328565663464e+02
2.217268489145868386e+02
2.521728777300498052e+02
2.188850762357062081e+02
2.354796262711056727e+02
2.162725991088633464e+02
2.467078325852401122e+01
2.088855921869030681e+02
1.941655322897162819e+02
2.213118175604184330e+02
1.746713706465291978e+02
2.216784548488108157e+02
2.360613938696798471e+02
2.428562959830032923e+02
2.402785824465054247e+02
2.269587573905700140e+02
2.122188824892144225e+02
8.484321761523420946e+01
2.228150146312629261e+02
3.069064876427133868e+02
2.102470447742848592e+02
1.133148809935052839e+02
2.307030787010762083e+02
1.847469637187994351e+02
2.337842159724372664e+02
2.416767213952829536e+02
6.369377366123760709e+00
2.172803397863520161e+02
2.273732738189189035e+02
1.823431200999816610e+02
3.245615803922222540e+02
2.013463557582084036e+02
2.443412613862277567e+02
3.099189708451324918e+02
3.684078420323947256e+01
2.115059528729475744e+02
2.082024624080549984e+02
2.316519165382670451e+02
2.321766607698763778e+02
2.072546536142941136e+02
1.910795915722456755e+02
2.232573851808645600e+02
2.215311264958525328e+02
3.737654695841824548e+01
2.178187964343332510e+02
2.140043099273519260e+02
1.866822559615771695e+02
2.484812014954210042e+02
1.892645760378003388e+02
3.125513319556165470e+02
2.056011389413193342e+02
2.213896832722749366e+02
2.322735491597586019e+02
7.429319886942290907e+01
2.325231880676841456e+02
2.303240978092255773e+02
3.135571950184538537e+02
2.556758092142689520e+02
2.313997441166792441e+02
4.707935648314683874e+01
2.480393534433681566e+02
2.677659893677101763e+02
1.114452872771544776e+02
1.868062879908904677e+02
1.876669463858067957e+02
5.722189910480071262e+01
6.494669207494169427e+01
2.350953493257738103e+02
2.172717878422870967e+02
6.355740105530367856e+01
2.375707624209339599e+02
2.424442775537859234e+02
2.113840593309106737e+02
2.412206780658785306e+02
2.431998064409858387e+02
2.238701669753079955e+02
1.933097239265943870e+02
2.476967801143348140e+02
2.864454899900078999e+02
1.108185193036536873e+02
2.156977993042019932e+02
2.221510309922215072e+02
2.465365374547117483e+02
2.051809062226988658e+02
2.063348909079684859e+02
2.351170326037918130e+02
2.136664453938051906e+02
1.736249989181845024e+02
2.272613018076042692e+02
2.356160973089001800e+02
1.846925638981724092e+02
2.253188037571514428e+02
2.522501327272445906e+02
1.791362860912092003e+02
2.169227723334375924e+02
2.146163588427534705e+02
2.084203694473324902e+02
2.395682141457575085e+02
1.759285022944545744e+02
2.107623173642508334e+02
2.060262459058243110e+02
2.001105854146133254e+02
1.996163324782792472e+02
2.000701078784087485e+02
7.872597243032198833e+01
1.258820297286285950e+02
1.523682231543315879e+02
2.362652420881892112e+02
1.913612123936709963e+02
1.840607060080885731e+02
2.139399877484550245e+02
2.392966310271885675e+02
2.014222296583447758e+02
2.186621425885704468e+02
2.054770458929637300e+02
6.722004835816967727e+00
5.796549733592387099e+01
2.323900824814246846e+02
2.609418793379165322e+02
2.199587177594398781e+02
2.077085765420900145e+02
2.457173479324680727e+02
8.316128363836192250e+00
1.936043336552412484e+02
2.223009420445539206e+02
2.419189156822876612e+02
1.546623168541029258e+02
9.778933726719753849e+01
1.979680591111383308e+02
8.850159105763755463e+01
1.945362059445185992e+02
2.444425908127483069e+02
2.189843969282975706e+02
2.669817020868891291e+02
2.139433474698538475e+02
2.276375672184284440e+02
1.952377825651958290e+02
2.398142229371445353e+02
1.840541253369015067e+02
2.459284992540892745e+02
2.256635210310336674e+02
1.128702152103552550e+02
2.670214408163562325e+01
2.218834953548170574e+02
2.340857423637154682e+02
1.843378803194374029e+02
2.351241240943653850e+02
2.379029228077020832e+02
2.216795965996714699e+02
2.195148788033693279e+02
8.288279371343040225e+01
2.193283039739075093e+02
2.114096111130473901e+02
2.260355574146028630e+02
2.179177412563136897e+02
4.772916984978992616e+01
1.996730673288561206e+02
4.282051569614830555e+01
1.153262295490755918e+02
2.119712186544022074e+02
2.164596377276757835e+02
2.316778859186802322e+02
4.821998366581330941e+01
4.184536615285414030e+01
2.085890977387705334e+02
2.736956909134714806e+02
2.396290606055349883e+02
2.273880101246524532e+02
2.407458052510097843e+02
1.904414775135739433e+02
2.081678762915044558e+02
1.983159761158005949e+02
9.063883788120497798e+01
2.696037551443549773e+02
2.161278212567806349e+02
2.343197721772442037e+02
2.171356903750948959e+02
1.754141190947010784e+02
9.484689519345275244e+01
2.679200997204706596e+02
2.362765983015209201e+02
1.983206677230397190e+02
2.014457407154714019e+02
2.267412473992281434e+02
2.111051100831404881e+02
8.628193636461469396e+01
3.215156649654314265e+02
2.691173391043261631e+02
2.378972135215931871e+02
2.195945406248008567e+02
2.172996827132776900e+02
2.418743119975866023e+02
1.776893779279187413e+02
1.935005814593480977e+02
2.150032732236714139e+02
2.197242050743839741e+02
1.729631132371558238e+02
1.750205602674025727e+02
8.483231188199627582e+01
2.299729559895662589e+02
2.380002608655350684e+02
2.151154080170854854e+02
2.972536103916093566e+02
2.127674955586933265e+02
1.925272357149977722e+02
2.259003281402331993e+02
2.301225113897671690e+02
2.272420180751615817e+02
2.033118405653617629e+02
8.841923415734284220e+01
1.968159122542795103e+02
2.055498574759004100e+02
1.862559621510340833e+02
2.259650949222334191e+02
2.062084448954577738e+02
2.901902975187941252e+02
1.909811264809412137e+02
2.409601620311512988e+02
6.138447295317962471e+01
2.189008229451275440e+02
2.131614194685971313e+02
2.283847008181005265e+02
7.608288241995239787e+01
3.236694645103779067e+02
2.585034422169517825e+02
2.495346433691951802e+02
2.438983703751270014e+02
2.162847142498154369e+02
2.283976978120375065e+02
2.229653930696177611e+02
2.318888185254690484e+02
2.054421395659949781e+02
2.265069041328283959e+02
2.260454899612945496e+02
2.310704346450670528e+02
2.277279122627993502e+02
2.459997135021396559e+02
2.299948043098381731e+02
2.019419958570246934e+02
2.609189390433961648e+02
1.831491014703805718e+02
1.013269348064216757e+01
2.102979378259396697e+02
2.441678864082319365e+02
1.452528762095699051e+02
2.237736524581507638e+02
1.867553165346481023e+02
1.959519905398445871e+02
5.117190699159487366e+01
2.490238509447253250e+02
8.077216492494066813e+01
1.669569583251124527e+02
1.451332463594046658e+02
1.971180631802729408e+02
9.214350248952942479e+01
1.879412808061593978e+02
1.717644820407015800e+02
2.136115453051777422e+02
2.251479288593749573e+02
2.313117865341044421e+02
2.097175242372628645e+02
1.976792380431409129e+02
2.090863689086274917e+02
1.741560401886461023e+02
1.799037789712334359e+02
9.878377057962575236e+01
2.055469833368780996e+02
3.433302115747994776e+02
2.181733542051112238e+02
2.154773923963097673e+02
1.932407845655421283e+02
2.047920036073481072e+02
2.488451356699754911e+02
8.417066241303317042e+01
1.897305542924129327e+02
9.735057372120665775e+01
4.043501530657820808e+01
2.166466648795714320e+02
2.465902537120174429e+02
2.415597414859814762e+02
2.338986418686650950e+02
2.305347581652903273e+02
2.087363361338853167e+02
4.995845333875615779e+01
1.080462945997582977e+02
2.315787808037702291e+02
2.172154403205401820e+02
2.273468508338550294e+02
8.964397970681015693e+01
2.496141116118118362e+02
2.269448430676059161e+02
1.959104823530285842e+02
3.916772886909124907e+01
2.886675413632386977e+01
2.488189441225709402e+02
1.981605070886003546e+02
1.887751057625638680e+02
2.287288626094394317e+02
9.668347737968427680e+01
2.268548291255009133e+02
2.139586376540915751e+02
2.473877728367264694e+02
2.216855084813859662e+02
2.057738188170355897e+02
1.990669763110454937e+02
5.347058366606761126e+01
2.476538460463817444e+02
2.182034666069601485e+02
2.072894468761911924e+02
2.010961329612330530e+02
2.283549510449283275e+02
2.076088475501612152e+02
2.302285093440024468e+02
9.284340108717417195e+01
2.082239981867449501e+02
3.101635161608739395e+02
6.386894376147314745e+01
2.471061767936923843e+02
1.914932323140445476e+02
2.616473787123076704e+02
1.808722055895616165e+02
1.271010415671644296e+02
1.062209183197395248e+02
2.032781930910438746e+02
2.237479943374177935e+02
2.591544287183609896e+01
2.398621300029617487e+02
2.321146525106987326e+02
8.146065157576791194e+01
2.160261931719660566e+01
3.116020425685246096e+02
2.644253927426775022e+02
2.186297247563009023e+02
1.932948560187005569e+02
1.951377733409097175e+02
2.502699626931762396e+02
2.218473322558733116e+02
2.240496091087553907e+02
2.933712328776118738e+02
2.419873484018384886e+02
2.105852812560711982e+02
2.406633452412862653e+02
2.100429178051641088e+02
2.045452960123658386e+02
2.560596732705870409e+02
7.443694617702333005e+01
2.476511445101215543e+02
2.270546900089186977e+02
2.460325232005722569e+02
2.570404509125755794e+02
2.238308023585976798e+02
3.116503234593734533e+02
2.307502745221046325e+02
1.566843533240381134e+02
3.791483028452793036e+01
2.634439676482340928e+02
2.644139776970299067e+02
1.383962293803612624e+02
2.006746802961298783e+02
1.874545777604754448e+02
2.347744739536580596e+02
2.381598479967662740e+02
2.076709984071225392e+02
2.600301990238850749e+02
2.329438837199014358e+02
2.146479065798794181e+02
2.234213856649222976e+02
6.060784077637324430e+01
6.080830932015252444e+01
2.402379509071487860e+02
2.854270594177634166e+02
7.853421622540555092e+00
2.270371141006501432e+02
2.252304072431494717e+02
1.235831639934733346e+02
2.532933300001636496e+02
2.286433997939730602e+02
2.509255530782257608e+02
1.666761106771509162e+02
2.550316181959800872e+02
1.633976092224481533e+02
2.179024802646717376e+02
1.777996927288197924e+02
2.249089702864102094e+02
2.136505045066645323e+02
2.140570852012305920e+02
2.001231790375273079e+02
2.135594700387262037e+02
6.527773019850381786e+01
2.422725645024464427e+02
2.557369176972093214e+02
1.929101118527584617e+02
3.412163470819403983e+02
1.847992655820181938e+02
2.616451879902411974e+02
1.565243204637880936e+01
2.243371373869348986e+02
2.596507314993180557e+02
8.473691272986901879e+01
2.211231829552267811e+02
2.322897753764382003e+02
2.306289558372556030e+02
2.427582864157038216e+02
1.721939699568712285e+02
2.440764614650557860e+02
1.974917702545626810e+02
9.254297201686701158e+01
1.422120718720043158e+02
2.538107372841091447e+01
2.529467573607089719e+02
1.570742925901416527e+02
-3.212695231953041741e+00
3.096948207233596122e+02
2.236514143085117325e+02
2.065256471182241569e+02
9.798203503856525742e+01
2.023697357980714742e+02
2.282490934198554555e+02
2.241170167142676917e+02
1.957701148542202816e+02
2.070420765597731076e+02
2.254277237426373404e+02
2.081636742818656671e+02
2.594066176800697008e+02
2.514822578113769964e+02
1.578837596433344004e+02
1.934006134304410409e+02
2.647871105553150528e+02
2.202204707069270171e+02
2.055414620580251750e+01
1.199949526480161381e+02
2.031844508828487506e+02
1.390289809063392283e+02
9.614225177388867394e+01
1.054370170274665952e+02
2.045805018190044109e+02
2.484186811878269907e+02
2.594657298137437920e+02
2.492335210392386955e+02
2.359208110074551428e+02
9.511148656538399848e+01
3.429458096284808732e+01
1.674714811333459750e+02
9.674008756004064935e+01
2.249903719170947909e+02
2.510515879334231215e+02
1.962812990491373171e+02
2.042129805836380001e+02
1.719805047477722937e+01
2.193684644818911522e+02
7.639676393794509579e+01
2.273772252869957811e+02
2.136628032457395250e+02
3.555031930947427554e+02
2.161966775949730675e+02
1.880138675061008655e+02
2.133807690323948520e+02
2.598189590605615535e+02
2.066057857801560829e+02
2.039924317352430023e+02
2.078662575855507555e+02
3.164662567154389450e+01
2.497888060371001302e+02
2.000863606818409437e+02
2.677638443150725038e+02
1.815910788757958017e+01
3.265373737790625341e+02
6.300264335338509625e+01
2.347788372653642170e+02
2.476941031706087131e+02
2.251436167210289057e+02
2.296552188581661653e+02
2.514161792324693749e+02
2.461773831680380624e+02
2.116957841403312273e+02
6.598740225515406621e+01
1.876488923455619613e+02
2.234700540509657571e+02
9.881519021054012342e+01
2.351379442489111113e+02
1.992392493869872681e+02
2.427444501426033696e+02
2.536400341651897179e+02
3.595607920817461718e+02
2.478583845883976551e+02
2.163469698885775472e+02
1.250089353229655842e+02
2.171822814962230268e+02
2.124914906416727831e+02
2.717396516859728877e+02
1.996829992039472472e+02
2.226965620334980258e+02
9.028117603324024287e+01
2.362266531502868645e+02
2.038564805820190884e+02
2.102526890777149333e+02
2.017356567189766281e+02
1.886544606450800359e+02
2.261060668778863203e+02
3.299818415912159253e+02
2.319604195252607042e+02
2.473451657638742915e+02
2.064163656699723788e+02
2.376891181136559794e+02
1.851024095376147898e+02
2.609398832367791101e+02
2.099646048536813794e+02
2.202050174073657729e+02
2.233517963296267794e+02
2.182812721509967275e+02
1.800320935410500169e+02
1.890035906707251456e+02
2.117855218497938381e+02
2.113185939486454288e+02
2.360818947202331231e+02
2.282804415914891933e+02
2.143231901988249604e+02
2.202634388234841936e+02
2.216425206763757387e+02
2.189460512806243173e+02
4.643515467479566183e+01
1.841073391872778302e+02
1.877086760119713631e+02
1.819887746082882529e+02
1.828520667022102657e+02
2.016781605664767199e+02
2.189707515371247837e+02
9.637777605313300455e+01
2.179496797849981533e+02
2.933442675766593766e+02
3.066197844564286612e+01
2.321359480760566498e+02
2.337855809668787401e+02
2.424935388308980464e+02
2.303215735522439616e+02
2.175753055411107937e+02
1.993834469031581307e+02
1.790471073198083616e+02
6.492375022789089201e+01
9.822896948751814250e+01
7.928668889208398696e+01
1.366790741099558204e+02
1.274059382503766926e+02
1.480405976912991832e+02
2.964792995607945159e+02
2.080289345951980096e+01
2.346114823376192930e+02
1.707330326912463079e+02
1.680962476739419174e+02
2.437690730867103639e+02
2.364782545325934962e+02
2.044080767111135799e+02
2.161590481300628710e+02
2.152459802153555302e+02
2.064214642045091068e+02
2.298911828331236507e+02
2.210942267885042725e+02
2.240772734415005516e+02
2.242357600807124811e+02
7.431083207308573435e+01
3.041712193806806397e+01
1.978598657107927465e+02
1.988574385524439947e+02
8.528953595287936196e+01
5.787283547051112009e+01
2.026092256138490484e+02
2.520155988124076600e+02
2.135758203628694503e+02
7.630382792504273937e+01
2.546332417777289265e+02
2.116071516489187445e+02
2.301858618186787737e+02
2.195139317268100854e+02
3.074743589584516030e+02
1.793643339163322707e+02
2.881460684969262047e+02
2.309457680079577528e+02
2.487422645176912681e+02
2.753559703761623823e+01
2.004579736873033085e+02
2.362730846653172705e+02
2.168741962863771562e+02
1.635360587389656359e+02
1.958761308085563542e+02
3.551894467482966178e+01
2.127210349006075489e+02
1.846615613670902292e+02
2.295560617683786120e+02
1.569547705831944313e+02
2.104374200654942797e+02
2.163981168686185299e+02
3.264966017909473806e+01
1.545440698339288232e+01
1.571576436562941126e+02
2.545870721850724294e+02
2.521526910587410555e+02
1.943168332937782452e+02
2.053348575010988100e+02
2.709290873381768847e+02
2.255424815709251050e+02
2.461004142032828383e+02
2.392077606275618962e+02
2.201579262998417619e+02
2.144897495042222033e+02
2.275121509334443317e+02
2.465157995374379993e+02
2.443960848408428603e+02
2.959260238017272400e+02
2.740102866769855723e+02
2.265465897889259281e+02
2.242502725685419875e+02
2.422443096424399585e+02
2.231870221268869159e+02
3.387256511946459625e+01
2.452226057075916685e+02
2.284985618791306194e+02
1.261205661711884289e+02
8.329128944893791697e+01
9.335927492484337620e+01
2.442317687463644234e+02
2.506759720555639603e+02
2.264776975456494768e+02
1.917960611222242733e+02
2.223372859106998476e+02
2.023012139714412854e+02
2.468878289894134355e+02
5.736349394053425499e+01
2.350166227098641230e+02
2.465283746151058608e+02
1.392461110868195107e+01
1.364662223838282387e+02
2.491503055963171960e+02
2.259259739881252926e+02
2.434154052191205722e+02
2.593598143668123726e+02
2.374320162830780987e+02
2.454839967870124156e+02
1.958054602963580635e+02
1.987566281993755410e+02
2.080517282230319438e+02
2.286567866517415837e+02
1.668953819556668066e+02
2.478241288243626173e+02
2.139824140674944601e+02
1.849483118216470530e+02
2.317293250770182453e+02
3.261825910446234502e+02
2.383481415501955496e+02
2.305817084269784232e+02
1.648546258481222537e+02
2.264963274934988533e+02
2.461139257120433399e+02
3.139276840381918419e+02
2.124792598128218231e+02
8.764551715870038606e+01
2.112391145476073575e+02
5.525861338811994017e+01
3.341713165555983664e+02
9.724832997789518174e+01
2.236824762820066894e+02
2.359546997133336106e+02
7.534225515585981725e+01
1.880226238754668486e+02
2.103849468776863887e+02
2.293101321084638187e+02
2.129614754637699150e+02
2.126133332798852962e+02
1.960945916343518149e+02
8.664331336590510091e+01
2.096493509514459674e+02
1.546821212957486011e+02
2.090894419005590521e+02
1.058682542764410357e+02
2.100973629940897069e+01
2.162191540448957596e+02
2.400037284642125428e+02
2.160257525530271607e+02
2.185399775728330667e+02
2.461208019270166005e+02
2.431492263636124562e+02
2.202760837242633727e+02
2.378462934627515324e+02
1.819139729415033173e+02
8.735314204415432471e+01
2.282750023703028717e+02
2.105581604877091308e+02
8.646465683418850290e+01
2.207881384049939868e+02
1.992434053046193299e+02
6.222153219634050458e+01
2.135225623154890400e+02
9.014381807409549197e+01
2.479675305473603828e+02
2.188829675593803188e+02
2.045913979255811341e+02
1.813445395446574082e+02
2.175508923898138676e+02
3.398739623184708591e+01
1.864617794597895113e+02
1.807100731009317656e+02
2.412178305499302269e+02
2.280194024286626018e+02
2.252659500188861159e+02
2.044104772182699890e+02
1.507738801040991348e+02
2.810986717368580798e+02
1.378014993025737738e+02
1.928699669676091730e+02
2.314300604181501910e+02
2.118133981941611239e+02
2.516480126377076090e+02
2.042428980154209626e+02
3.246441266806405110e+02
2.124239864485752491e+02
1.621731491654639399e+02
2.473944173442177430e+02
1.794383501113110242e+02
1.897903738953350228e+02
2.005498923719910636e+02
2.156572471344062478e+02
2.015620482324940781e+02
2.466339971356850640e+02
1.005553446171309417e+02
2.920345686228329782e+02
2.144315149052947902e+02
1.788860407730310271e+02
2.991701813483406909e+02
2.263529565255421119e+02
1.752801916026723177e+02
2.488359539689181759e+02
2.293826741944829166e+02
3.366628988835357461e+01
2.277302881207014025e+02
2.613763037425599123e+02
2.249233915093884093e+02
2.094595418569126934e+02
9.987898389071612826e+01
2.015157220659783377e+02
2.295389621227265309e+02
2.312206278970940332e+02
2.569023130118491167e+02
2.263755192788934778e+02
1.887907278835825764e+02
3.239363924298640995e+02
2.327718820791157555e+02
6.089272204884699846e+01
2.831769536505377687e+02
2.486449715276670247e+02
2.484114635510298115e+02
2.492606712626956948e+02
2.137759459325033049e+02
2.549291823741357632e+02
1.953897323287182815e+02
2.569102092136881765e+02
1.935906010303711753e+02
2.035867979815421620e+02
2.075109946096891917e+02
2.139712868123386897e+02
2.341637132244625548e+02
2.083789851099171528e+02
3.023365450914010353e+02
2.145225175297331077e+02
2.043558807517860885e+02
2.382695372604381703e+02
2.478649902321283207e+02
2.195978001592970372e+02
2.327620613878494851e+02
2.218987201188734559e+02
3.168603462472851220e+02
2.317434834895004201e+02
2.314294515091156370e+02
2.221491522788851967e+02
3.047609189995310430e+02
1.947476627971541632e+02
1.903765372039266879e+02
3.115630319077916255e+01
1.711501913314425281e+02
2.332891979658064088e+02
1.943033398772112150e+02
2.422137762999867050e+02
2.207412205292986869e+02
2.538985533032177671e+02
2.410123624322914395e+02
2.217844843541533635e+02
2.638561618980621120e+02
2.056012685354868950e+02
1.675310301209819102e+02
2.468413006007546358e+02
2.157326298925532058e+02
1.741257815724072771e+02
2.185469378816617620e+02
2.188748846652824795e+02
3.156790847099334201e+02
2.234730647905415140e+02
2.375820016276242086e+02
2.206323877646034362e+02
1.240521663984898737e+02
2.168163806526015946e+02
2.470921691478282014e+02
2.534280801288609268e+02
1.780710562681303344e+01
2.279660358994169940e+02
1.275624476946962176e+02
1.968547218092395212e+02
2.281995030703238285e+02
2.188152703414423002e+02
1.993986424938644859e+02
2.386554346056350937e+02
1.054472114689999245e+02
1.046508795642553764e+02
3.132425230332188448e+02
2.463232698203832740e+02
2.057688625624301721e+02
1.934652573454189337e+02
2.043375730621843616e+02
1.840967927225007656e+02
2.376055225776628674e+02
2.568447454956813090e+02
1.040093433406810846e+02
2.235306027843718653e+02
2.646430997173747528e+02
2.167002775976830549e+02
5.911772528501995794e+01
2.260275612799800058e+02
2.908907246576476382e+02
1.708910013713681906e+02
2.464990323757211854e+02
3.118896733393890486e+02
8.279983938713114355e+01
8.161310981278523968e+01
2.033691041648062594e+02
1.669840043159282743e+02
2.589442545229110806e+02
1.399545100355196325e+02
2.214805489840883013e+02
1.969715258560036943e+02
1.166221665078311673e+02
2.137918302670124433e+02
2.459397988693069124e+02
2.087344073597970464e+02
2.483324784385997361e+02
1.975608189264816588e+02
2.203752935247989626e+02
9.764515354126689317e+01
2.311368194257276514e+02
2.559408272419928494e+02
2.156101061158441894e+02
2.236696346731017115e+02
2.367409750843226561e+02
2.535028829273029203e+02
2.523612295082168941e+02
2.435118333982674983e+02
9.836603074474498953e+01
2.283461631206541824e+02
2.101305333257767813e+02
2.000819072926731792e+02
2.091307476410672450e+02
1.185882502797389293e+02
2.256086363470149365e+02
1.978114667855240612e+02
2.148820624913994095e+02
2.206549742037870203e+02
1.877536638317101563e+02
2.336264507339269301e+02
2.036172194804339028e+02
1.200469145020958450e+02
2.038675686127557185e+02
1.862727831317097582e+02
1.972987643473622370e+02
1.925824102386154095e+02
2.046619371444983244e+02
2.293001854892697509e+02
2.379452123880911074e+02
2.381585870387376076e+02
2.218399880330532881e+02
2.564977708821342617e+02
1.716801215405125447e+02
2.320810790471133203e+02
2.120353698055356517e+02
2.271016996308783860e+02
9.257133631604163782e+01
2.136084304207282969e+02
2.279323783133175425e+02
2.005787470617260624e+02
2.006769658304442885e+02
2.371532479415935484e+02
2.194367471935178173e+02
1.996801072350194204e+02
2.086605918223664560e+02
1.880206270853075239e+02
6.636071394444732618e+01
1.878838763715511675e+02
2.327034779896270038e+02
3.122094775587524040e+01
2.531687518759341913e+02
2.079923608706905327e+02
2.105615741881422025e+02
2.090502626628779410e+02
2.591934790567157734e+02
2.043979501566374211e+02
2.317452444164546819e+02
1.822017000525511321e+02
2.428931251071112740e+02
2.189026674013814784e+02
2.532896906996394648e+02
2.621727871027044898e+02
1.783596196748378588e+02
2.128021415424747715e+02
2.535167688499106191e+02
2.591478260333188928e+02
1.920873575487072173e+02
2.332805258867251155e+02
2.376606429119141239e+02
9.053489278085378089e+01
2.019436839606095191e+02
2.212298009581526799e+02
2.046051626305991533e+02
2.223212627383382483e+02
2.179090816648038640e+02
1.951552526271559316e+02
2.734852773287312857e+02
3.277552452474862434e+02
2.341699727433517637e+02
2.394969870039518867e+02
2.080275495492402911e+02
2.045173677574383930e+02
2.351018278780817354e+02
2.164642435025807856e+02
1.441393289685014167e+02
3.379636289621006995e+01
1.036839827412293005e+02
2.551576859405421089e+02
2.076564391126701707e+02
2.124608772745357044e+02
1.874723831574628718e+02
2.108102841389263631e+02
1.948784363299945994e+02
2.239484677098473071e+02
1.929108784108740622e+02
1.986232214157626572e+02
2.658575173056431709e+02
1.183849257439926390e+02
2.278396550376496918e+02
2.318296835086250098e+02
2.500578701835415529e+02
2.160168621945397831e+02
1.995643806368944695e+02
1.235723419715600073e+02
2.633669203943987327e+02
1.785959744116079264e+02
2.006564794279878754e+02
2.319855839661626078e+02
8.424199032571284818e+01
2.709157950038760418e+02
2.231194606867663595e+02
2.484595431088159501e+02
8.280612052042035032e+01
2.095861308641383971e+02
2.582737911882071558e+02
2.152668466178342328e+02
2.984471954717208177e+02
2.411027144237766606e+02
3.538338780127641598e+02
2.963762726031627608e+02
1.868897657339822729e+02
1.842289754080161401e+02
2.349116542006730413e+02
1.152368711478985119e+02
1.869048838952522260e+02
2.415993455826806553e+02
2.072544083130197521e+02
2.036910174711711932e+02
2.201007914241453989e+02
2.418024239413023224e+02
2.055652624761662253e+02
2.098455384083606532e+02
2.455439707631837507e+02
2.379693496709401188e+02
6.206209746742874245e+01
2.006417959116483587e+02
2.164755422541919074e+02
3.215378733995564176e+02
2.211320440056278187e+02
1.982205325735097290e+02
1.867017165703288128e+02
2.240376294883672017e+02
2.094020587466960421e+02
2.615588934112209927e+02
2.486471657707699876e+02
2.106812445918753554e+02
2.438446403246677789e+02
2.171452670996672794e+02
2.121429998530246337e+02
2.320785267527727740e+02
2.407477952285663889e+02
6.463839004881515393e+01
2.076800292454334738e+02
2.383347294670145118e+02
2.187796063225667069e+02
2.286746932199111200e+02
5.783783635627143838e+01
2.262479277035052121e+02
2.369325442077085029e+02
4.178075534888137810e+01
2.345722878387135495e+02
1.124515009556889282e+02
7.833308150317985508e+01
2.118310226649294918e+02
2.222687095292061201e+02
8.807762911477057344e+01
2.488146456549918355e+02
2.332589611559951379e+02
2.850478826467472970e+01
2.160403029892849531e+02
2.077182289010256611e+01
2.223273633563877070e+02
2.076011797572171815e+02
2.236340659060975042e+02
2.581417803970668388e+02
2.081880948388711374e+02
2.422078279280037805e+02
2.241958983725816665e+02
2.282387093483365845e+02
5.821796312711921928e+01
2.799359828376015571e+02
2.101760136610089091e+02
2.921931616243979306e+02
1.206803859181459728e+02
6.115160066401703176e+01
5.421263047704556470e+01
1.087304375420427505e+02
2.212949762484389282e+02
2.122840509150706225e+02
2.361399067304233768e+02
3.039562521537155817e+02
1.796208024120808204e+02
2.206113216186558077e+02
2.081818527095267655e+02
2.467587178292568808e+02
2.086038552446581491e+02
6.566976725610574306e+01
2.305209777912514824e+02
2.169620809561529882e+02
5.495973688357845077e+01
2.136499798711028859e+02
1.894358065548826744e+02
2.424896955380627617e+02
2.057617644880727710e+02
1.809911564905287946e+02
2.374687561059680263e+02
2.400235205845593214e+02
1.917209094276464327e+02
2.248766896162706246e+02
2.246593464127418542e+02
1.949267236884891759e+02
1.075962115481580952e+02
2.263874513539076361e+02
1.972834990865507052e+02
2.357152803806974646e+02
9.834838896534944297e+01
2.248234604301721333e+02
2.181121717795886070e+02
2.291085065799768472e+02
4.566645457439699385e+01
2.384860635989664672e+02
1.093900722801244854e+02
2.178105279007962167e+02
1.802329080461852584e+02
3.010261164202206032e+02
2.079642764381288771e+02
8.486409033731204943e+01
7.501044868885026062e+01
2.543390770538034644e+02
2.194996276548046410e+02
2.274188208892497300e+02
2.235742863994682637e+02
6.124571920842863193e+01
2.283095652819209249e+02
3.180540721882504727e+02
1.128315902932452985e+02
2.376826006475332633e+02
3.160722373791006135e+02
2.285062496389452917e+02
1.751882286831774138e+02
2.008896318648510260e+02
1.826662064224521203e+02
2.025656639763627993e+02
2.051143393195102078e+02
2.306620784854701469e+02
2.227915363406207234e+02
2.606454735381941532e+02
2.372502608017160526e+02
2.568581018133741622e+02
2.144255265453695927e+02
2.225019053056589087e+02
3.147582489104120782e+02
2.083601590904567047e+02
1.980442788486104178e+02
2.279753079639642408e+02
1.835934664758774488e+02
2.085374806029637114e+02
1.428329942007106297e+02
2.164365249667427520e+02
1.114928448350917023e+02
2.094096213506595348e+02
2.256491149112625010e+02
1.974381963849465933e+02
1.096114724664845284e+02
2.267336092779609089e+02
2.457872033645793692e+02
2.132851937197773680e+02
2.346429042693519307e+02
1.935643561794611855e+02
2.479193038084113425e+02
2.186512668542754056e+02
2.158570218708388495e+02
2.397310976189756673e+02
1.959481833275245322e+02
2.051959351930530033e+02
1.079766619751658965e+02
2.045726865204787259e+02
6.298760077531557044e+01
2.402418418990861539e+02
7.119648302007377083e+01
5.821736802012610923e+01
2.322551071366388555e+02
2.885485104168470798e+02
2.116060092186684756e+02
9.068057229919210727e+01
7.057623436969124953e+01
2.292391383312053392e+02
2.807290216575996737e+02
2.362414813254219439e+02
2.306129130502702651e+02
2.161797342412694434e+02
1.993622339938103210e+02
2.040146195953457493e+02
2.537388415103671093e+02
2.286615880366305191e+02
1.646983219701752432e+02
1.288612246775685719e+02
2.300156365584160199e+02
2.132311589890404946e+02
1.883181565554719157e+02
2.462123184832532843e+02
7.656760428540712837e+01
2.364088983577517240e+02
2.218966324452107415e+02
8.354926658230266412e+01
1.816991327581569351e+02
2.033923028114002705e+02
1.526080393761016865e+02
2.353457758570874887e+02
1.032279038629793746e+02
2.242852211201131638e+02
2.179721241085923111e+02
1.868015655429855144e+02
2.164637746404101222e+02
1.858409229287942139e+02
9.204863301186810531e+01
1.948769979887929082e+02
2.397809447483968768e+02
2.285140022554865595e+02
1.927182531040536730e+02
2.010539416508245552e+02
2.604572564623179005e+02
1.775610945532287133e+02
2.360194552109450115e+02
2.630936433374415060e+02
1.850217957035415282e+02
8.391739197117817639e+01
2.448535850043477922e+02
2.448698841758929063e+02
2.210175907984433081e+02
2.990565132300787354e+02
2.250746940289214990e+02
2.005852868245913214e+02
1.226324275151789038e+02
2.133931056956253940e+02
1.200831012778636193e+02
1.525512767933150258e+02
2.123067244876162647e+02
2.029991492668744684e+02
2.130622980173262135e+02
2.241516426908499682e+02
2.140911478611180598e+02
2.059773832710341992e+02
2.166698555167763516e+02
3.501166644996934565e+02
2.243699539591816006e+02
3.939649347441138616e+01
3.229125644576649847e+02
2.335873507204510418e+02
2.358655967537554545e+02
1.856845545587734136e+02
2.269968905638088472e+02
2.478612518498361510e+02
2.048741696886400803e+02
2.454325713953535057e+02
2.871929348196987348e+02
2.350520850803127360e+02
2.417443998055005352e+02
1.995861587982147967e+02
1.948433937791096469e+02
1.685386544022654505e+02
1.706350229510836130e+02
2.915927946231579426e+02
2.251798490816093192e+02
2.357632273643134795e+02
2.178751228256200534e+02
6.021584368318324465e+01
2.281411535354800151e+02
3.254124941165455880e+02
3.133872382353797548e+02
2.238750808532073791e+02
2.359625752540503072e+02
2.025823259448071383e+02
2.104301515077738998e+02
2.505728543296947350e+02
2.181047921257242876e+02
2.821255464073147436e+02
1.877711691394136437e+02
3.019365445144863429e+02
2.341946832126018307e+02
2.152550831597401668e+02
1.215124891832317076e+02
7.069490274818706155e+01
3.101721356116000834e+02
2.085068000660018868e+02
2.378439381222525526e+02
2.312108920815755937e+02
2.251806584353009271e+02
2.285111083222661819e+02
7.330540999362621335e+01
1.225512241440800949e+02
2.455335886332302664e+02
2.438166149949748274e+02
2.066274852911635662e+02
1.554139547337014733e+02
2.158050095596454412e+02
2.322625451098959388e+02
2.026442092140335376e+02
2.675467623198155707e+02
1.862609337901135405e+02
2.355814354096841612e+02
2.267710808870272388e+02
2.170060220363228325e+02
1.887398962927294974e+02
2.313532012895861385e+02
2.462598063017719028e+02
2.189291982991859129e+02
2.351654087931382264e+02
2.348081444805438309e+02
2.077730364806665477e+02
2.204257861735639494e+02
1.387197659792489617e+02
1.516917976184911652e+02
2.330130436792027240e+02
2.215863945265896291e+02
3.221582919654184138e+02
2.125371376283228813e+02
2.054497181326675559e+02
3.189464126337609429e+01
2.350550535268467343e+02
2.058299064476881597e+02
1.565142318713948733e+01
2.466911490407665042e+02
2.270953991105789100e+02
1.011662251186459116e+02
2.130222385748523379e+02
2.479410020630157589e+02
1.887807345616399175e+02
8.845057335296811374e+00
2.136519364518172210e+02
2.179462421218482007e+02
1.919304636323070099e+02
2.682888406751978891e+02
1.149746242555795845e+02
3.091866530226250234e+02
1.987428068501744747e+02
2.519627607765731341e+02
2.213027000644400744e+02
2.382293776567223063e+02
2.952274882461525749e+02
2.380649069639689515e+02
2.289034687445730185e+02
2.377732296615869814e+02
1.965149984268554704e+02
9.525215826864180713e+01
2.497472413285514392e+02
6.263841042818489058e+01
1.089756270398786597e+02
1.995784014699785303e+02
1.496121998257087000e+02
1.681022288883736735e+02
2.275420693741549485e+02
3.577482240719372442e+01
1.904826788957064139e+02
2.080868815284906930e+02
1.179710119672143662e+02
2.203979141763201710e+02
1.990459457057501140e+02
2.361743400096349319e+02
2.609607527139285139e+02
2.430637252524367398e+02
1.880642352860080848e+02
2.489615684517968361e+02
2.356542684770712981e+02
2.001762152577098277e+02
2.348193461946313221e+02
1.793164588528478021e+02
2.145043909459317604e+02
2.315101682214816776e+02
8.366540436390005198e+01
2.269958249397826648e+02
2.069972239450007692e+02
2.332719425195817564e+02
2.474708415146814957e+02
2.917503039382069119e+02
2.478469249724927010e+02
2.135193564154152739e+02
2.306963165077143003e+02
2.106571190936019775e+02
1.882758991237822102e+02
2.295462020731344523e+02
2.890004803372792139e+02
2.258340721219074965e+02
2.530912319517624667e+02
2.480765089128174168e+02
2.393630384046125528e+02
2.527342877754973358e+02
2.334840927114784677e+02
1.843266136872506422e+02
2.110656707865716157e+02
2.151176628679476437e+02
2.404987714134166765e+02
1.997423534203211375e+02
5.973666079142878971e+01
2.028676131482233416e+02
2.045025775913775021e+02
1.187243079451861121e+02
2.538014176364956711e+02
1.981464023168958306e+02
8.100992975556201259e+01
2.063301928014549844e+02
2.587768042267241526e+02
1.977085598079946749e+02
1.918436686553503137e+02
2.005155891921871785e+02
1.966600488880270063e+02
2.315383519181836789e+02
1.087801370192774613e+02
2.040602920610467947e+02
6.246403638561130833e+01
2.151486971220400051e+02
3.169699867120609156e+02
2.338572107463293719e+02
1.254526766830130953e+02
2.093429456236103761e+02
8.171511463586205082e+01
2.455771831194705896e+02
1.880016408580594316e+02
2.305906610217806758e+02
1.863210030554112961e+02
5.330414937985504764e+01
2.399877328088358297e+02
2.459246546474220452e+02
2.531958326518233662e+02
2.405778681488936002e+02
2.790922544294305396e+01
2.249533437245337097e+01
2.313183301543147365e+02
1.715840116830872120e+01
1.618034029806782428e+02
1.812011124734673331e+02
2.239577069549484349e+02
2.255363930243183574e+02
1.806741118784406126e+02
2.321237410737034565e+02
2.041689110238816625e+02
2.063506886682937704e+02
2.270793161341141797e+02
2.188551586594469143e+02
2.027292768711433268e+01
2.202922893841022756e+02
2.715215363051521535e+02
2.974218216064227818e+02
2.016185002016988790e+02
2.452372438406749495e+02
2.325814056397878176e+02
1.942608554542013337e+02
2.819410948284689766e+02
2.228878367859040281e+02
1.974578386880151584e+02
1.870119243624227465e+02
2.608852109898060689e+02
1.956517132438953581e+02
2.532464777325412228e+02
2.252579201007347365e+02
2.156910683705596625e+02
2.414812518327810267e+02
8.134848360461583638e+01
2.157558080368533240e+02
2.066143687785702241e+02
8.821926213515465065e+01
2.246077427247248295e+02
2.249725791836549718e+02
2.071444521204659566e+02
2.561526706847586752e+02
1.754429767208065982e+02
1.906576974844576284e+02
2.449078610622710528e+02
2.593802358167401962e+02
2.640570931725762875e+02
8.957338446495826645e+01
2.264338641636700231e+02
2.686831680162198950e+02
1.499407688086046164e+02
6.637325082138561072e+01
9.255786530568730086e+01
1.154155654257538544e+02
2.581568814553592688e+02
3.197904447735425038e+02
2.943407230673502113e+02
3.181450664593150464e+02
3.936831122239635050e+01
2.738915487730453151e+02
7.764737042756648577e+01
2.128023034617836231e+02
2.468716499832515154e+01
2.023037968206291453e+02
2.497764734198729002e+02
2.042475237657151297e+02
1.987459755270125470e+02
2.922686853469870698e+02
5.513432057346318516e+01
2.362352774914593283e+02
7.471360319340733724e+01
2.229115882245614841e+02
2.010405467388640659e+02
2.215245757088391088e+02
2.452315774919003672e+02
2.956702223334179891e+01
2.060432965947735227e+02
2.174778119719618701e+02
2.261818672303249969e+02
1.918562863164230521e+02
1.901712239062214280e+02
2.271560608348331414e+02
3.452821041041908643e+02
2.072279297658641894e+02
2.130789765781479730e+02
2.036807394526989015e+02
5.349726396871137979e+01
1.970423784790172022e+02
2.234482309442469159e+02
2.244330903455020803e+02
2.106575235278617697e+02
2.413099117259691297e+02
2.182980268218020683e+02
3.119600876332858661e+02
2.960420906554435305e+02
2.344796257830029731e+02
2.308363819479821473e+02
1.548953524759587594e+02
2.181599349325356059e+02
2.349866070682972747e+02
2.396503806907150533e+02
2.094976191205393832e+02
3.283275410977572051e+02
2.019609684227105220e+02
2.120201644331645809e+02
1.769838141956088577e+02
1.989292872482626535e+02
2.166374020260500686e+02
2.304027251220371681e+02
2.249918135914681159e+02
8.783271897145606033e+01
2.065595635652697695e+02
2.202967856576603367e+02
2.019523516426191065e+02
2.174880278146258945e+02
1.892403242719483387e+02
2.185210667540798397e+02
2.115661810831579430e+02
9.226520448979530897e+01
1.856172673445148860e+02
1.854761845574783194e+02
2.569871328581489820e+02
2.291996627961610216e+02
2.348400406499303017e+02
2.302051628083749222e+02
2.070574497370737959e+02
2.039073275805718879e+02
2.068466894224077919e+02
2.668563266900362123e+02
2.245454210528948522e+02
2.283656197319627097e+02
2.482988977338072800e+02
2.405938390126136994e+02
1.923997297291882447e+01
9.431727864842743259e+01
2.111753464347612237e+02
2.286449979303546058e+02
2.284737604875058707e+02
2.267036876387167865e+02
2.368939904085644059e+02
2.202417985186693841e+02
2.472761297105160168e+02
1.764504969222772957e+02
2.256026921901621165e+02
2.366400815913864903e+02
1.054346498459376988e+02
3.182676469999737634e+01
9.807851135110159646e+01
2.108540730001240036e+02
2.098726104335251534e+02
2.487476818779047676e+02
2.193879591502367532e+01
2.174513936638759901e+02
1.975434566859077847e+02
2.124573823975964046e+02
3.094699463611085548e+02
2.089842439056620833e+02
2.077797100704717366e+02
1.685041949493792970e+02
1.857805579194973404e+02
2.297803217299135952e+02
2.471675179023859243e+02
2.246406972762975442e+02
1.239891485238769349e+02
2.136752658589166174e+02
2.390227056217592292e+02
2.401577305345103071e+02
2.006520342331277220e+02
2.517104132822993279e+02
2.319729525361535138e+02
1.547533058460615507e+02
3.044264234607724120e+02
1.595841908215568026e+02
2.241019934830441684e+02
2.612710795070925656e+02
2.058542923775228815e+02
2.440680034843087753e+02
1.301763785166095602e+02
2.329499011945017628e+02
2.248697158531553839e+02
9.444540799277950782e+01
2.304954845032108040e+02
1.924907476684129506e+02
2.475705331178045299e+02
4.977360708361354824e+01
2.652204222080366662e+02
3.496978455134297405e+02
1.857264921767406349e+02
2.017387149699922304e+02
2.273004112172257294e+02
2.044063349453350042e+02
2.192492254346387313e+02
3.088720262223014856e+02
2.100824040653065765e+02
2.269264920200343738e+02
2.533915336499611328e+02
2.403678041004983470e+02
2.770134035751783586e+02
2.346178080634816752e+02
4.137737585601093571e+01
1.965319740650662368e+02
2.643133685854979831e+02
2.594000885091621740e+02
1.302257126594216743e+02
2.290926909125520297e+02
2.355278114568357353e+02
2.550781082572482035e+02
2.052135609668649181e+02
7.917613502264934766e+00
3.010576974865921329e+02
2.299083052478249556e+02
2.026573730535091045e+02
2.183949741507153419e+02
2.317330315112926442e+01
2.288118329744536652e+02
1.086932134877360596e+02
2.447454454806293711e+02
1.634654258996816338e+02
1.171120723090055833e+02
2.379835898615062035e+02
2.153596325660975310e+02
2.424971054438066744e+02
2.392374303843003247e+02
2.470974499282901888e+02
8.225559024373652051e-02
1.814324962801775030e+02
1.111452809771454895e+02
1.590081177367509824e+01
2.007654725424525850e+02
2.302986592868224704e+02
2.454489122276874014e+02
1.260623975145779383e+02
2.075947742830090306e+02
1.908054048528382225e+02
2.251293941357164954e+02
2.212628561335907591e+02
2.473565027937882519e+02
1.843253517307173865e+02
3.211298410707206017e+02
2.070465449863379490e+02
2.645423316469754695e+02
2.616217212479039631e+02
2.455209653785162871e+01
1.770200877564731172e+02
2.047216925235245810e+02
1.119048869856597435e+02
2.431020943401339878e+02
7.747609408301657652e+01
6.842466789628450385e+01
2.029105314225733139e+02
6.148807609107092986e+01
6.132310158496257202e+01
2.142505053857375401e+02
2.267639574797610180e+02
2.528773589722871122e+02
2.109720847323085025e+02
9.182858860031271320e+01
2.454909216287217362e+02
2.181948537630294709e+02
2.035979276218458267e+02
2.294257294459999343e+02
2.185179492469635250e+02
1.994007108294651687e+02
2.138221416229170870e+02
2.334188533516089308e+02
3.314055342395407706e+02
1.909622887291426991e+02
2.187853593853161840e+02
6.743111001450202480e+01
2.275035512462902432e+02
2.363363243875738817e+02
1.678894194309021373e+02
1.606219231486947194e+02
1.723525676190441800e+02
2.132383826929644783e+02
2.273238150713111452e+02
2.452902908395919610e+02
2.326909757231860567e+02
2.295383255004242358e+02
2.120769172340517912e+02
2.212052461164218187e+02
2.720109931196690809e+02
2.150251398725188778e+02
7.205622262335639050e+01
2.031930490081243192e+02
8.375489111237865814e+01
2.444984778170975801e+02
2.459418676571368394e+02
2.623271484684751158e+02
1.954317896907286922e+02
2.052546020050661468e+02
2.036349388484402994e+02
2.824072730284150907e+02
2.955856496209655688e+02
1.850177024843463300e+02
2.140831635725793092e+02
2.360557734206560667e+02
2.343262676386624719e+02
2.511319910363521331e+02
2.430003773922158814e+02
1.079761250348476977e+02
3.065849873049804160e+02
1.981895386474564589e+02
3.021057560312256101e+02
2.034742132996136945e+02
2.203481146843079728e+02
5.761665005500873349e+01
1.937396423998488046e+02
1.953243609328052059e+02
4.615855516944994008e+01
2.540462721803104671e+02
3.349274524531531370e+02
3.229158600251598443e+01
2.338301019328131076e+02
2.474825867534011365e+02
2.189918585645041844e+02
1.686635256481289389e+02
1.898522338686873923e+02
2.293247068425180828e+02
2.731569243599911374e+02
2.352490372857815828e+02
1.809448023079596908e+02
2.335127500350972696e+02
2.391837601336624459e+02
3.358858042250960096e+01
2.396221531278557677e+02
2.212772204878683056e+02
1.849545602095935521e+02
1.462699276252388358e+02
1.517889876051663691e+02
1.964193724149764932e+02
7.797785548709647685e+01
2.308364733812855434e+02
2.597160703689368120e+02
2.464717158797934644e+02
2.439578014303869224e+02
5.879874019342605607e+01
3.297222466090995567e+02
2.171509146889765987e+02
2.363557192660822182e+02
2.076772550659173646e+02
1.886707265390924988e+02
2.531941019504910173e+02
2.147783811276443089e+02
2.087886263387372594e+02
2.227573570671835057e+02
2.215633317297396729e+02
2.279869495565175441e+02
1.836603362916457627e+02
1.972745767671344197e+02
2.002132096402579009e+02
9.021112173172113557e+01
2.218809350263199747e+02
2.385301427898782549e+02
2.254020585382831996e+02
2.403164292407361415e+02
2.190546858714328096e+02
2.885698649801233842e+02
2.123695184433205156e+02
2.430417786297129510e+02
2.262526762659105373e+02
2.310565875628419974e+02
2.192573677065633149e+02
3.440859558429826848e+01
1.991906701459723479e+02
1.709568688146967190e+02
1.811149325677954209e+02
1.621978118532090605e+02
3.349372726341069892e+02
2.423446510964276115e+02
2.496569374923757039e+02
2.312183564584729254e+02
1.787926392296070333e+02
2.374522023577040102e+02
2.758440058423328765e+02
2.083934502217445868e+02
2.090156943158238505e+02
2.144780158215165500e+02
9.662678075573211345e+01
2.561370068251706016e+02
2.232053946489654379e+02
2.985242680250012199e+02
2.383482767360500532e+02
1.950271724716523920e+02
2.532574446409470852e+02
1.858660654740430971e+02
2.180869477438592980e+02
2.406300228350450823e+02
2.209207834075913297e+02
2.354552383643971609e+02
1.864430441672223822e+02
2.267343199444715651e+02
2.321882385221575760e+02
2.382903986905244551e+02
2.200713535142562591e+02
2.086545069566110726e+02
2.063202137148401505e+02
1.807463003111224396e+02
2.337453107752439223e+02
2.519546283631769086e+02
1.918874446431674130e+02
2.010179067313235919e+02
5.842158695467511365e+01
2.068289034217384028e+02
2.100974281466032494e+02
2.666868337207297373e+02
2.502756663540956197e+02
1.813620267851900394e+02
2.291933043595038555e+02
2.071590531792999457e+02
2.262899415418650904e+02
2.007547223607769808e+02
2.021218387206957630e+02
2.336064090388945829e+02
2.259123674682402907e+02
1.843289575580270991e+02
8.483040048548869549e+01
2.342903947371399624e+02
8.091197230694616849e+01
1.935077275862321926e+02
8.061424166735608310e+01
2.553391269537540893e+02
2.244125585467648136e+02
2.125232220844009703e+02
2.456807823563701731e+02
1.930473341151392219e+01
1.982814946618343299e+02
2.285622666422945031e+02
4.985981945272389027e+01
1.914536263559105862e+02
2.285507955252010390e+02
2.844912605012102631e+02
2.210025785106218450e+02
2.277968852999372018e+02
1.139722880456474883e+02
2.433524023644336012e+02
2.193977193042930196e+02
1.951303668908063855e+02
2.445726683416108358e+02
2.548663802923743447e+02
2.127437600918503335e+02
2.070190741392932523e+02
2.633882033536164613e+02
2.644915624838860140e+02
2.166644036877912356e+02
2.399876458636894085e+02
2.175278960997061404e+02
2.295948992534280251e+02
2.217689308229625453e+02
2.063276046461733131e+02
2.198836614766971991e+02
2.282003535429774388e+02
2.285938302077827586e+02
2.262732146277442098e+02
2.250179374694490093e+02
2.425297278089072961e+02
2.413224944851233147e+02
2.336667982275036195e+02
7.494562763394874594e+01
1.977663810091803782e+02
2.786333145986607178e+02
2.023021987582997383e+02
2.191986728441010257e+02
2.265578458257493821e+02
2.512405888240382694e+02
2.225041996619384008e+02
2.600559747741782530e+02
2.035316891760510032e+02
2.351161497445837085e+02
1.991116141476858559e+02
2.414979664002354980e+02
2.762679009689482541e+02
2.864620935673440982e+01
2.672678559513194045e+02
2.494916121215589158e+02
2.692487246092563282e+02
1.151323096371795174e+01
2.430341758625194188e+02
1.891498639502968047e+02
9.549125262949326043e+01
2.236748573967508094e+02
2.216076491560801287e+02
2.350007865611294449e+02
2.314932036585366859e+02
2.090341301739191806e+02
2.561965458148974335e+02
3.030845880393079597e+02
2.099365034725752537e+02
2.459971235251868791e+02
6.506612884133765817e+01
2.863697686209554263e+02
1.766922908249574391e+02
2.357101320052376821e+02
2.051546895955889056e+02
2.054881252269623815e+02
2.341154838549391570e+02
1.662398034173413066e+02
2.595105041837788207e+01
2.184910762963692434e+02
2.343596279524959698e+02
2.769113899270250272e+02
2.257842797552781917e+02
2.461926155761677819e+02
2.492663040773585976e+02
2.555116786809145424e+02
2.473028478173512781e+02
2.261655399963874515e+02
2.287016497652300018e+02
2.343392762893523127e+02
2.233774552798676893e+02
2.174035250203211547e+02
5.941066769703758155e+01
2.328319076490477073e+02
1.500629439930162334e+02
2.605420024691310914e+02
7.688260195172522060e+01
2.028535043676915848e+02
2.488881235721534040e+02
1.184764342804915316e+02
2.437632898325597637e+02
1.597950302687279134e+02
2.124691139471365204e+02
2.027128353364149973e+02
2.180436537072944532e+02
2.049690983253891829e+02
2.168013100379846492e+02
1.410138600753443541e+02
2.231941469508706746e+02
1.808635846527595277e+02
8.939345493175039792e+01
2.293281395227001269e+02
2.545854834989070810e+02
2.293733835218526735e+02
1.962585714713717948e+02
2.124494888426384307e+02
6.108584661085961898e+01
2.882107024490770755e+02
2.301337405796995483e+02
2.094693591541063711e+02
1.991672935100600625e+02
2.383101817573067365e+02
1.037746631782906945e+02
2.207955110959994158e+02
9.892253273129770719e+01
1.410880930443180148e+02
2.337357180220512589e+02
2.355164577306792637e+02
2.170278491266774950e+02
2.520646587523211508e+02
2.367680999859610438e+02
2.243432452478319306e+02
1.871512620495571468e+02
2.018338474329619316e+02
2.980361182438772971e+01
9.568967292538887648e+01
2.638631485062543334e+02
1.977765141742548849e+02
1.049445179991046331e+02
2.153676947338009597e+02
2.344811973638502707e+02
2.524305460982265856e+02
2.240324427817374158e+02
2.244468074615211890e+02
2.577839553634442495e+02
2.133893806215358495e+02
2.362816854030947127e+02
2.108609190560650006e+02
2.500906019100454785e+02
2.447384540567199451e+02
2.161293681456618572e+02
1.862342934201746232e+02
2.269706253488476477e+02
2.251723469305750314e+02
2.035271519044914612e+02
2.290565806589957560e+02
2.401089958082562248e+02
2.166960926168372623e+02
7.459756821376922176e+01
2.274593571064843331e+02
1.891577049664793719e+02
2.028583195710029656e+02
2.067640418021173900e+02
2.286768472172230986e+02
2.353922830445775105e+02
2.416035952769530297e+02
1.972884141254329506e+02
2.386396356516104618e+02
2.055187909990489175e+02
1.668041841905022409e+02
1.836730378164612318e+02
7.866096597822762249e+01
2.265908558078202191e+02
6.371032482468553582e+01
2.147030179928665916e+02
2.280989660848679819e+02
2.583716830928525496e+02
2.373232839346172227e+02
1.694078437525922993e+02
2.370381824971058791e+02
2.018534410538440511e+02
2.871702843646235124e+02
1.855915521281147846e+02
1.838338318416685411e+02
1.818255874471989273e+02
1.866292139356266659e+02
2.167467822354339830e+02
2.070022738737249597e+02
1.864945420231511548e+02
1.500312036597769634e+02
2.187438885475480674e+02
3.582011987150615795e+01
2.062929400018651620e+02
2.210725325279590834e+02
1.814703545909032698e+02
6.462527245326390357e+01
2.264996457955459448e+02
2.515988546561273722e+02
2.439192106532707385e+02
9.742517713454707007e+01
2.161965936963811714e+02
2.461736380840451943e+02
2.199142063110068364e+02
2.302485547998638253e+02
4.047832783300060555e+01
2.549273593524552552e+02
2.422671114209597931e+01
2.033936847117926732e+02
1.544145980662185593e+02
2.539669644164423232e+02
1.961972703626410919e+02
2.854090591801875831e+01
1.324869940730041833e+02
1.042009193525464639e+02
2.207816672544322216e+02
2.414691823414545411e+02
2.118457505978268500e+02
1.651042731998271620e+02
2.221244634887412417e+02
2.417572563431776871e+02
2.163292404869194172e+02
2.154424277272844961e+02
2.493101351890813646e+02
1.225383258355158063e+02
2.126925080702619937e+02
1.689805599344963412e+02
2.019593849331179740e+02
2.416555436428536439e+02
2.251640223126730120e+02
2.231527673567707666e+02
2.281302876263802659e+02
2.269804450000239626e+02
6.033004468475576232e+01
2.029369960428091701e+02
2.804044960514285094e+02
2.136497745816226370e+02
2.103476942632852058e+02
2.308806277060099319e+02
1.743297577604665491e+02
1.123408345455889759e+02
2.428388891158817842e+02
2.673013852703561497e+02
2.190688756487278397e+02
2.192679887855856293e+02
2.232060369465249892e+02
2.432331844059494870e+02
2.631890449061642698e+02
2.250548504248000938e+02
2.081915094079557491e+02
2.275811952153582922e+02
2.000836595471574242e+02
1.850009150737338075e+02
2.097809812264081586e+02
2.594334547388867236e+02
2.369085875339517884e+02
2.342235739738456743e+02
1.921975896740778467e+02
2.073436174866343720e+02
2.371803494892813546e+02
2.553489762306139710e+02
1.084972218160001773e+02
2.519221194676897824e+02
2.509789821836784540e+02
1.943887841092583244e+02
1.618180533999310100e+01
2.356637678790068833e+02
2.161033822582045332e+02
2.314769470634172990e+02
2.105225236578843067e+02
2.177689488778986515e+02
2.306538943735182272e+02
2.237184890412000584e+02
2.016708810285028335e+02
2.330885562948418510e+02
7.605078554633122678e+01
2.089158861520502626e+02
2.222785362415948498e+02
2.198707052636075048e+02
2.347427973533579859e+02
2.481631138463336015e+02
2.855506265015276881e+02
1.909376426270659408e+02
2.408619719379023820e+02
1.911042372268281895e+02
2.103281351483742583e+02
3.108030923092794637e+02
3.129643184973286907e+02
2.102610532645538228e+02
2.030670671886976493e+02
2.118245408826902576e+02
1.036265620323321031e+02
6.802548875885884172e+01
2.299025490991422771e+02
2.047510694869169754e+02
2.318052366518425913e+02
2.091173575773589164e+02
8.302089739369196764e+01
1.729445585566490138e+02
5.486705446878768555e+01
2.459639748684897143e+02
2.457446034853853121e+02
1.189689836171450139e+02
2.217487318447862776e+02
2.034461475336184719e+02
2.347840930028837647e+02
2.746467308780108851e+02
1.780595551314883949e+02
2.186770229535576107e+02
2.154886254227284041e+02
2.274693326837166580e+02
2.543199101337963555e+02
1.940341716758934183e+02
1.055469373693185275e+02
2.065468767278081259e+02
1.815467599594959438e+02
3.331716844492135579e+02
1.324016904366692415e+02
1.838297373714029845e+02
2.170737821020049410e+02
7.534915287903940850e+01
2.269878557832941226e+02
2.443903429410327419e+02
2.468791777540662906e+02
2.240287343764795480e+02
2.109249104274480828e+02
2.238545352804709410e+02
2.228925589871370789e+02
4.113445436149467582e+01
2.160375682531270343e+02
2.140918188027489464e+02
2.534149564625750486e+02
2.604054395183368911e+02
2.177101554567532560e+02
1.939286507309641649e+02
2.322383630860782375e+02
2.473526272298170454e+02
2.153673779723277164e+02
3.880151713720660922e+01
2.649886677889306270e+02
1.894694871237929874e+02
2.085274485467510033e+02
2.354353332401087187e+02
2.062255463047005719e+02
2.062179464664299076e+02
2.159534060045785395e+02
2.028520854439799450e+02
2.097726956980084196e+02
2.996480071857837402e+02
2.026008554979024439e+02
2.495190231590214580e+02
2.390887751125414979e+02
2.434129390209793655e+02
2.458234477333971029e+02
2.517187533557843153e+02
2.322843427232331237e+02
2.187438269562534288e+02
1.917911368244827486e+02
2.234367970228695413e+02
1.016572872313733598e+02
2.120222723930176301e+02
2.342479350064886603e+02
1.996415167824776518e+02
2.026103602130603747e+02
3.419869258887826504e+02
8.653064394806472137e+01
1.976196492939538700e+02
1.935794312405433004e+02
2.358822815331205049e+02
1.268583104498798093e+02
2.104187401647868683e+02
2.072235667055458634e+02
2.148003478624573006e+02
2.445378064141324614e+02
2.483325959888791772e+02
2.160411309567116689e+02
2.232282340313527698e+02
1.969863750400858748e+02
2.902118634805092370e+02
2.496578459058423789e+02
2.218988777479923158e+02
1.763945688040785456e+02
1.901300996248363617e+02
2.021692190085692573e+02
2.101756849287385762e+02
2.248247557224712239e+02
1.968713177687157838e+02
1.785697648570373701e+02
7.659008153170360345e+01
2.326021221252216264e+02
4.530756041293255976e+01
1.915074428404929279e+02
1.389252680214734426e+02
1.764723706921012933e+02
2.162360927173155858e+02
2.260004602424479856e+02
2.076358161313548010e+02
2.335310641459915360e+02
2.272111361801270277e+02
7.885987640690925105e+01
2.689211983948342208e+02
2.267985446821882647e+02
2.650522267472677527e+02
2.318472233583319451e+02
3.166082604151697524e+02
2.595725277443469281e+02
3.088114378119050798e+02
2.074407087741942348e+02
1.905065415398641733e+02
2.249928105667840441e+02
2.254479885351082658e+02
1.988650631506651223e+02
2.043831170621245690e+02
6.384104215099358726e+01
2.132096106004757132e+02
2.522114228342790625e+02
2.426765661448425533e+02
2.361275108710511574e+02
2.324262450745343926e+02
2.316719407370915746e+02
2.210172701184960147e+02
2.082031687845123997e+02
2.246003340240481236e+02
2.477282052788438307e+02
3.161912721577494949e+02
2.220588256742036322e+02
2.544446211098824335e+02
2.485906670970992423e+02
2.025237405183434305e+02
2.246063869145136493e+02
1.884536094168813634e+02
8.870619929786440139e+01
1.855972276821591436e+02
2.233901947210287062e+02
2.175483256689203984e+02
2.403850350767081352e+02
1.787242640582284707e+02
5.903561175302770891e+01
1.175810367689895770e+02
2.238011845903047572e+02
2.730945326983223822e+02
2.194094296116162468e+02
2.252003512233025901e+02
2.508132599595288070e+02
1.971032346521162424e+02
2.426503913551352127e+02
2.499730647935794536e+02
2.327839003633690709e+02
1.938522570557581446e+02
2.349814587400494190e+02
2.229189718397929312e+02
2.502063608823672212e+02
2.099139523797741447e+02
1.862422212641749866e+02
2.285080298700548269e+02
2.545911571586401010e+02
2.195670807008286260e+02
1.943366598914934400e+02
2.331752672752888600e+02
1.909185570961444682e+02
2.096016536354825917e+02
2.238707386523543903e+02
2.266181532775351286e+02
1.899805267481399085e+02
2.050313725690718627e+02
2.768854873955893936e+02
2.159203500363272497e+02
1.762226947262622616e+02
1.971967500447540260e+02
3.157689247632528691e+02
2.675639474434790941e+02
2.399865080962603372e+02
6.440355793631087522e+01
1.037664494639444683e+02
1.956935771866903622e+02
2.480360442233365745e+02
2.232008158967150564e+02
1.554118072973213884e+02
1.026168644966977155e+02
2.294684763826927849e+02
2.223604790903220305e+02
2.203709427107547754e+02
6.986602644523522088e+01
2.582721628670842620e+02
2.406199512187727692e+02
2.048991001134668295e+02
2.632180068709085390e+02
2.376208150950715492e+02
1.902050390775193307e+02
2.529588671333915428e+01
2.107680438855166187e+02
2.381638218047575322e+02
1.329439315935601655e+02
2.500587381306246755e+02
2.346775518604410138e+02
2.404826596009433501e+02
2.140737962224116302e+02
2.166995288909366195e+02
2.255506069153861972e+02
1.979460329033501012e+02
1.911441395005581398e+02
6.770925188630428693e+01
2.639939642673782600e+02
2.297206202299424547e+02
2.069574256641691647e+02
2.366730786734223670e+02
6.804347217566473205e+01
2.300152585274854573e+02
3.394873920749993204e+02
1.747931533228484398e+02
2.431508719059549151e+02
2.259973154080977054e+02
1.904032025531106740e+02
2.684052583072295306e+02
2.276425586634142633e+02
1.924750839132990166e+02
2.575737451021044535e+02
2.367886129624905038e+02
2.266697944955988930e+02
2.147206559316015841e+02
2.323772411757597354e+02
2.002094120404050841e+02
2.163056258148943130e+02
3.026654931698074051e+02
2.221955854653242000e+02
2.179613821964242675e+02
2.404991757018829901e+02
2.620155113253345007e+02
2.206669541104434700e+02
2.703723227082908309e+01
2.399739783627685767e+02
2.033100830459100621e+02
2.521208600943349722e+02
2.177738889916759319e+02
3.288301747004862818e+02
2.239145651277715388e+02
2.171581866292025893e+02
2.005256787571717609e+02
2.014162823348174527e+02
9.101658777573859993e+01
4.186467280743021036e+01
1.654072818313220239e+02
1.658572850042197331e+02
2.344567089396258837e+02
1.970326667952975583e+02
1.928010169549858119e+02
3.035570298148675761e+02
2.326383717125344504e+02
1.953962527735917263e+02
2.165516403535529548e+02
1.763472959602322874e+02
2.332444802607784311e+02
2.181366978572911535e+02
2.495599132768950028e+02
2.075370646139565736e+02
2.470891974515600396e+02
6.551448737890083862e+01
1.858858768675902695e+02
2.377755532511903880e+02
1.465800869765335506e+02
1.515982298892586755e+02
2.189354571600007660e+02
2.153943585125798776e+01
2.669349386432874098e+02
1.866292244203389714e+02
2.405238539044079857e+02
2.252199996708126832e+02
2.097932552596952291e+02
1.826435946629079012e+02
2.350840824727407607e+02
2.244344780220792472e+02
1.165638060242646077e+02
2.175184496596650092e+02
2.527561006224987921e+02
2.281990861402033488e+02
1.509289826572841946e+02
2.584682009887848153e+02
2.664835811882425674e+02
2.396088527419901197e+02
2.437735188160568498e+02
2.653610824554273222e+02
2.243387288162120683e+02
2.500911522497031854e+02
2.116440162365879587e+02
7.197246339116685476e+01
2.316436861943059284e+02
2.356342617358590132e+02
2.427671629889617293e+02
1.344705283874997690e+02
1.237767707668315467e+02
2.118249624225926482e+02
2.711346811612198735e+02
4.040784818054179794e+01
2.311814875636309523e+02
2.300127928719881822e+02
1.941757888410515989e+02
2.260903694393977617e+02
1.172402968953355327e+02
2.537821485362196086e+02
2.268288557051716907e+02
3.181120900308455930e+02
2.204828006553188402e+02
2.082300273129721688e+02
2.072361852248768344e+02
2.128577612245045430e+02
2.851781308029567299e+02
2.548496373751760586e+02
2.798193516348516710e+02
1.004727704208357864e+02
7.723090782754235306e+01
2.221188180972595205e+02
1.864175423513683825e+02
2.070166138379389054e+02
1.977570328295485353e+02
5.203476948920994261e+01
2.317251053793912092e+02
2.422640302358287840e+02
1.956048446458895569e+02
2.870633224583242793e+01
1.562950468652801987e+02
2.497669218919409957e+02
2.479515078333663212e+02
1.989837327719822895e+02
2.395234818433188764e+02
1.914470190905532547e+02
1.867796860156936987e+02
2.447894673789520255e+02
2.063012016007232319e+02
2.027535887764501012e+02
2.048365326637437818e+02
2.502710561779448994e+02
2.466964741554645855e+02
2.191153841072379009e+02
2.988014087755689729e+02
3.885478862308173120e+01
1.899271510973879629e+02
2.280861977439369070e+02
2.417684011437588936e+02
2.560570229071788617e+02
2.540979122922600482e+02
2.458562545900337284e+02
2.053232742920989722e+02
2.167714651484150465e+02
2.170876750640094031e+02
2.409988792094646897e+02
2.559603039810498899e+02
2.291134622074922049e+02
2.412939037259365023e+02
3.908496107645704143e+01
2.236295609116223204e+02
9.672377078607279088e+01
5.042374546868446572e+01
2.507977771251834440e+02
9.545119133386067745e+01
2.666857653885403465e+02
2.363886544061279551e+02
1.931206425923971892e+02
2.085239269674037814e+02
2.004350595804657758e+02
2.681752850810009363e+02
1.349736788561233425e+02
4.648127694807480026e+01
2.286208064516778506e+02
2.396964731503574626e+02
3.244095946659003857e+02
2.859786627383761015e+02
2.022011715385094988e+02
2.930021944521653836e+02
2.150750135524711482e+02
2.154106659614301407e+02
2.374065398350347493e+02
2.939498605442685175e+02
2.291260654333019886e+02
2.604925791520642520e+02
2.828405108582894059e+02
2.148232497233926210e+02
2.263801967294090502e+02
3.007240997733644861e+01
2.541146754986884559e+02
1.036812607251671352e+02
1.068665681889223293e+02
2.034965032548553268e+02
2.171845210030500937e+02
2.385481777751429320e+02
2.364945147473007125e+02
2.052311691463719967e+02
2.292573563551467544e+02
1.305576537620790134e+02
2.219928994731195360e+02
2.339584300080215087e+02
2.320760306184696731e+02
2.317590741149708435e+02
2.309274662781179188e+02
2.512713694079519087e+02
9.457576851869853840e+01
3.060722598399252661e+02
1.766758399962063777e+02
2.211513936096524446e+02
2.002811827784015293e+02
1.949269650979151152e+02
1.918286617648731749e+02
2.530246429463473703e+02
2.393432616716708310e+02
2.300334264699689300e+02
2.567808437601348146e+02
9.530071647150171543e+01
6.357171571866825133e+01
2.088978480540909857e+02
3.050120340059750106e+02
2.372673143826472710e+02
2.152319065967912479e+02
2.451824750882943533e+02
5.810581257138631628e+01
2.365352269681652331e+02
2.582550762558478255e+02
3.413694306175595727e+01
7.931193330225809746e+01
2.311060571202760343e+02
2.432269953807046932e+02
2.217213811695100389e+02
2.046507894852596792e+02
1.828178755682620817e+02
1.976456976422097114e+02
2.587887880596812238e+02
2.470390041832921213e+02
2.255746310172127096e+02
2.219205916339871010e+02
1.862555064699202205e+02
2.833407119974691568e+02
1.727042055621426186e+02
1.923278835680351619e+02
1.948817110534644996e+02
2.070339517873661634e+02
2.329932128323853533e+02
1.514324028754403741e+02
2.279963525731424738e+02
2.226997554670499539e+02
2.409905987038625312e+02
2.412305290259026265e+02
2.446837536993246545e+02
2.695378300451466203e+02
6.220206446713081760e+01
2.555245780035384371e+02
2.154844992579052416e+02
2.145137421837860074e+02
1.975122588143325686e+02
1.740037044602626963e+02
2.344010797925350289e+02
2.301517174961464605e+02
1.654004624750690482e+02
2.052563106404216455e+02
6.457774306533264053e+01
2.358729295751650454e+02
2.833281280737602970e+02
2.253990639270478766e+02
1.864806013957853565e+02
2.362007296994033254e+02
7.233480457275183539e+01
2.044083327629931830e+02
1.979562685524370238e+02
2.404840893489223390e+02
2.479750162079078564e+02
5.304002117693255514e+01
2.074582013693784575e+02
2.071989514385437872e+02
2.200600140772019415e+02
2.231154245107256031e+02
6.317365214356463810e+01
2.310780498105868332e+02
2.190375785973844245e+02
3.310040896720475700e+01
2.325430326665818086e+02
2.152249472175927281e+02
2.019281830383692693e+02
2.488396215069377320e+02
2.252299438938053413e+02
2.151515290190487519e+02
1.267327106312188363e+02
2.035976753416013025e+02
2.108145623347217850e+02
2.230279353379307850e+02
1.843344367523777976e+02
2.300054236281712861e+02
2.300788374019356297e+02
1.916771301591220151e+02
1.009153198851961264e+02
1.075529251688895158e+02
6.022780285068081696e+01
2.090753808584104263e+02
2.217576146880727208e+02
1.993118928166682053e+02
9.861021542883611346e+01
2.409643906306212386e+02
2.089583425279005553e+02
1.871527463847751278e+02
2.164891655487825233e+02
2.097153142219661106e+02
1.998289837260555828e+02
2.207503496762245163e+02
2.274135575074224107e+02
1.227590238229248882e+02
2.077970000311855756e+02
1.963294335429121986e+02
1.979949722652890785e+02
2.399824296944464379e+02
7.053835246471338394e+01
1.759395250065383038e+02
2.024743940394813819e+02
2.119928586996888669e+02
2.065400595326675557e+02
2.492652083546035726e+02
2.280868187010918007e+02
1.924952689245099009e+02
1.018669627576420851e+02
2.516055841898266010e+02
2.008510137311569110e+02
1.871940481812833923e+02
2.890809949383398703e+01
2.532602058387044792e+02
2.420676590329501323e+02
3.171326296550454344e+02
1.218754362031921801e+02
4.791133921551234920e+01
1.828735422596478770e+02
2.246782855702867039e+02
1.989636412450885672e+01
1.147144420865047465e+02
2.416606535297291884e+02
1.020081595148497371e+02
2.012028408535802555e+02
2.149905339459603226e+02
2.107203822563827487e+02
2.269649832310129511e+02
1.992224427291028519e+02
2.320267330585018613e+02
2.146578435788810566e+02
2.580173102828948686e+02
8.848024407659733015e+01
2.146273018750317476e+02
1.975268357253574720e+02
1.228460804478173429e+02
1.990307536577886367e+02
7.184247037147378023e+01
2.393233212743961644e+02
6.601584972448240762e+01
2.214085529547347164e+02
1.277012169255756362e+02
2.291606172929081708e+02
2.073589563198922008e+02
2.381684773660047085e+02
1.846520108046536848e+02
1.784602415948190242e+02
2.701276514494046523e+02
1.630381490028508438e+02
2.003541010307102113e+02
1.905373775572044508e+02
2.615687750878648217e+02
2.668430902673123342e+02
2.454651790899823425e+02
2.490224876807853320e+02
2.169925487014295697e+02
2.415585550832665547e+02
7.097311445012640263e+01
2.453336806648261472e+02
2.551568988871429440e+02
1.999209475500877033e+02
2.041534321104327603e+02
2.349490513159482532e+02
3.178072718920236284e+01
2.293302501840592811e+02
2.133841448118580502e+02
2.457443818634289414e+02
2.185652339436329896e+02
1.996792037338523471e+02
2.279872822140291362e+02
2.210249607910883469e+02
1.881804046788332130e+02
2.313319477869931404e+02
2.561019367689754631e+02
2.247431113783558487e+02
2.496099299593682019e+02
2.175739605807453927e+02
2.260209593847639553e+02
2.195198126424849647e+02
3.089177833420650288e+01
1.899026910751657340e+02
1.958341699725041565e+02
2.004823350796123975e+02
2.397907376122848007e+02
3.374904351546197177e+02
2.084740479719582140e+02
2.591939263353392562e+02
2.470103859824697565e+02
1.189228977182070679e+02
2.448744521053276344e+02
1.369960916773664792e+02
2.462010931240254479e+02
2.150473630192702501e+02
2.268544389862793196e+02
2.038980717954581792e+02
1.755935059346865046e+02
2.424659571007914565e+02
2.331314613212121287e+02
2.139712021732665619e+02
2.240799631761407227e+02
1.111129333673738273e+02
2.218394893717985212e+02
8.636323286698196000e+01
1.931763290086942106e+02
2.184561367621890327e+02
1.958930284757923914e+02
2.256428881225858163e+02
2.005619914471471077e+02
2.354375453461848622e+02
1.933196382611537274e+02
1.827701256506030063e+02
1.888308513063666965e+02
2.310853854844710611e+02
3.011372422682362640e+02
2.068897177545020156e+02
2.777434830805716501e+02
2.380037263609582681e+02
2.652461979694882075e+02
1.903305231935572692e+02
2.400675895073273409e+02
2.051149745569105107e+02
1.863884842375534845e+02
2.363802654141295250e+02
9.310973600211767121e+01
2.064723993923476257e+02
2.228966265331900729e+02
2.162650332979067116e+02
2.028057946136857197e+02
1.118970207491295525e+02
1.992733621729656193e+02
2.180742568667576791e+02
2.438898271837742300e+02
2.201458899935735474e+02
2.280461049660114270e+02
1.135794050593700462e+02
2.058907570956388327e+02
1.539667052341702345e+02
2.301448862149140950e+02
2.436572894569337677e+02
2.530484332304754957e+01
2.016531365948158623e+02
2.607531049250530941e+02
2.368909766280032727e+02
2.440966226228546816e+02
4.717578235059288261e+01
2.441087472744264062e+02
2.291079917718299725e+02
3.152222795022253763e+02
2.016017325574617018e+02
3.023563056316122015e+02
2.132859876686547125e+02
2.036712548845295601e+02
2.445378031081091024e+02
7.985433505797817588e+01
2.144976455857994324e+02
5.894189771689885049e+01
3.130475891211681301e+02
2.123877707694160222e+02
2.235147842000337164e+02
2.600029010642545018e+02
2.109238786764826159e+02
2.111182614135682911e+02
2.565159164001640875e+02
2.531586617692285017e+02
2.783090140364902965e+01
4.906695900708383817e+01
2.347894132292544498e+02
2.195035279754398800e+02
2.352461959515056549e+02
7.158562286058301538e+01
2.071507645001445042e+02
5.848709974757809960e+01
2.251916609103521978e+02
4.055966605151741788e+01
9.144087158277517347e+01
2.589837665142903802e+02
2.009795811597511772e+02
1.772744830914209047e+02
2.038151579373346749e+02
2.947421589633276540e+02
1.562157996543656964e+02
2.388331875316907826e+02
2.586445246602206112e+02
2.382576164810785997e+02
1.847979786739805377e+02
1.455256977131311089e+02
2.012320070034327557e+02
2.278339848426792003e+02
2.048383135364344128e+02
2.137117087683976706e+02
4.733024131900077691e+01
2.136367400588806902e+02
2.334380654375169115e+02
3.884581134938972014e+01
2.081381159594408814e+02
2.159531580633787939e+02
2.054075440437451334e+02
2.197617339074622578e+02
2.379110384997886740e+02
1.939980198698707170e+02
2.145940183791190634e+02
2.237510889552813467e+02
6.773241576938819719e+01
2.331758056650297135e+02
2.001166970266266389e+02
2.363889281489796304e+02
1.872374710924348449e+02
3.438965339739483795e+01
2.581122339335681204e+02
2.223587063589756099e+02
1.905866962778304128e+02
2.060174709933861834e+02
2.566738845578141195e+02
1.858379773252741529e+02
1.831724608674484784e+02
2.209004975426820465e+02
2.053247417611935930e+02
2.131895158124655723e+02
2.238693459819326392e+02
2.269062621515353442e+02
2.295827118680355738e+02
1.941781829388885399e+02
1.910418443866831808e+02
2.474140689954288064e+02
2.279554236060446897e+02
2.643239249269390712e+02
2.242501227680359079e+02
2.430967210923339508e+02
2.330127459986142640e+02
2.184273527559634545e+02
3.236114840644169135e+02
2.019645773985293431e+02
1.993447518905753952e+02
1.969022751709739225e+02
2.392461735918096508e+02
2.098138123279428555e+02
1.298182472353456376e+02
2.114292494783779830e+02
2.419545508375771590e+02
2.244991631259836140e+02
2.456936770446322100e+02
2.553259524970299026e+02
2.241491986188566727e+02
2.000482409224927665e+02
2.394452875094731326e+02
2.163409639404896723e+02
2.236820698083026002e+02
2.153842566038253494e+02
1.979346119587999056e+02
2.161226206903687626e+02
1.717924465806935928e+02
5.391537738706248462e+01
2.063526813152589057e+02
2.535303636330965276e+02
2.597876264942059947e+02
2.012422430731289182e+02
1.096528720133164256e+02
2.106849436031774587e+02
2.244653621481170660e+02
9.876219014772101445e+01
2.399839977231978594e+02
1.901419731870784631e+02
2.565382915632819731e+02
2.362811218277028900e+02
1.261564047707388312e+02
3.250546473768195028e+02
1.915882176795686860e+02
1.547841051397429055e+02
2.182075570305371173e+02
1.108710486836359763e+02
2.730830818706310481e+01
2.381721971172219980e+02
2.376471045124992258e+02
1.900214562378718028e+02
2.439482451444041260e+02
2.402453553618594810e+02
1.696034264963487033e+02
2.478606839761279161e+02
1.996132070233916522e+02
2.130753173759543699e+02
2.594527199662185240e+02
2.062832235114229888e+02
2.533184215432804649e+02
1.983665341167355507e+02
2.217643323105641571e+02
2.005625376192908789e+02
2.272385633450218450e+02
2.036557487034831979e+02
2.466389375805038924e+02
2.996892099620072827e+02
8.044481457570626048e+01
2.376708661774160589e+02
2.231090781704415065e+02
2.079363766364238586e+02
2.303126761666475488e+02
2.409390541267597143e+02
1.822983506510916243e+02
2.558206055582362524e+02
2.503785305769767717e+02
2.176022752093552128e+02
3.274582336371875044e+02
1.224775476803716856e+02
1.866372625293707870e+02
2.202774607108405291e+02
1.040631547705879427e+02
1.683407918662597922e+02
2.502436732939947888e+02
2.049323788542091052e+01
2.235315883467248170e+02
2.371386980071058588e+02
2.359324959476325319e+02
2.441174961951540752e+02
1.935207673836129345e+02
2.003009354021878892e+02
2.548940706050608185e+02
2.288413987866669572e+02
2.201359012352320690e+02
1.863973303536388642e+02
2.111144481934503290e+02
1.875478142922941913e+02
2.480635737974025119e+02
2.661209573198156022e+02
4.571834567564469864e+01
2.302429216514074426e+02
1.975505881849776415e+02
2.516544101445555270e+02
9.493538719305803397e+01
2.134015524771010064e+02
4.305275043448696692e+01
2.348780195115471088e+02
6.730793785147427855e+01
4.404722224323386826e+01
2.068314515762984058e+02
2.187556192951020364e+02
2.027829237759224839e+02
1.194569146125702161e+02
2.251565338870327366e+02
1.898973313918968131e+02
2.181151419313496831e+02
1.762932905488921449e+02
9.473689983765137868e+01
6.481016965654202977e+01
2.428367402773232868e+02
2.229856496776762640e+02
2.190601464260340663e+02
2.065532415397912018e+02
2.144265419687046688e+02
3.199271264885184678e+02
2.436550854968363922e+02
2.267890772892151858e+02
2.147120449857411870e+02
2.174249809422829003e+02
3.008711621817820969e+02
1.939275897118640444e+02
2.485851933818393320e+02
9.870613667526880874e+01
2.383452508955871281e+02
2.254120230491385826e+02
6.722526810680325582e+01
2.147823064902739532e+02
7.141067897770530237e+01
2.502888176492616026e+02
2.443594456687727359e+02
2.197291366233867507e+02
2.342741886926182531e+02
2.538376931080839540e+02
9.359230851610546154e+01
2.293802803916873643e+02
2.028498773814871186e+02
1.891636735837830372e+02
2.489321453361679346e+02
2.792125661321485097e+01
2.330252095699104586e+02
2.255954664077623875e+02
2.156178704794819510e+02
2.342983917595378216e+02
2.080467337361654359e+02
1.109290992935251552e+01
1.856955463774986015e+02
2.214876573436424394e+02
2.189531451225209366e+02
6.620778751748446211e+01
6.957457869809637430e+01
2.636631310678520208e+02
2.018214464691394312e+02
2.310395225154414334e+02
2.121990298803687125e+01
2.131445935205971409e+02
2.212382475483206292e+02
2.362988953045330334e+02
2.331068244586260221e+02
8.048034867842740425e+01
2.412376315471063890e+02
2.515554340591516507e+02
2.048613106995669568e+02
2.777202478077800265e+02
1.965291391662580338e+02
3.017059225654446664e+02
2.109661198703601031e+02
2.231571970204518323e+02
2.129148128127943664e+02
1.042425709750027920e+02
2.503762616402744641e+02
1.651545447145006449e+02
1.324474127392527123e+02
5.362080884245538215e+01
2.619818844665400661e+02
2.039802426068299610e+02
2.519997785719712056e+02
2.080841240246025450e+02
1.916971136257848514e+02
2.248651050131022373e+02
1.933808191863469972e+02
2.304785337003179961e+02
2.526340409985531892e+02
1.270748176972250292e+02
8.640333663427983879e+01
1.868260831473862424e+02
2.162667082367619855e+02
2.122720326106795312e+02
1.858342354408440542e+02
2.267753494532086052e+02
2.302485294008967003e+02
1.086668695980538644e+02
2.462132861175692540e+02
1.118286843214538493e+02
2.300101795481585043e+02
2.544831495641311392e+02
2.015603711065986374e+02
2.047645822117816863e+02
1.615330908311996723e+02
9.462959567930496974e+01
2.469274942117530998e+02
2.622765051514427341e+02
1.135675207120869175e+02
2.237815999321407787e+02
2.127816971251604627e+02
1.149398905972508658e+02
2.453383022993056102e+02
1.322516354297502232e+02
2.202422750734162378e+02
2.590176429860592862e+02
2.015280290320138192e+02
1.992587639317876835e+02
9.879464293775664885e+01
2.177322421382714595e+02
2.012615846686454404e+02
2.217884092455460063e+02
2.388697905486952209e+02
2.696746355963991846e+02
2.326232980909575758e+02
2.023684758124294092e+02
2.355092604664140197e+02
2.407692281444309970e+02
2.325863534806808275e+02
2.544167955056555286e+02
2.076874453570413834e+02
2.019699940691558595e+02
4.404358871634985206e+01
1.969636614388005285e+02
8.392106841697739128e+01
2.082824469677623824e+02
2.199750142125664922e+02
2.030884664881111519e+02
3.128545913692204863e+02
2.490146134897804870e+02
1.979638930244993276e+02
2.358564736541615048e+02
2.935696365298259707e+02
2.071991908150451707e+02
2.286280776273125070e+02
1.663760882131994947e+02
2.184463484530067774e+02
1.217809148918369999e+02
2.233455213456049080e+02
2.170041494207926576e+02
2.991370050908969347e+01
2.259858787000833900e+02
2.024183189403406971e+02
2.068190110637299313e+02
2.144960481124865055e+02
2.532276854208876955e+02
5.687578548633231890e+01
3.203009203312513620e+01
1.742352683922684378e+02
2.221200590268340989e+02
2.150135177836272931e+02
1.001949304371422897e+02
2.289851410362359161e+02
6.927179289040293497e+01
1.642452783666838343e+02
2.429987345569282979e+02
2.260659963194375166e+02
2.625763932336029143e+02
2.302237928146222430e+02
1.141328446753420565e+02
2.412420463761188216e+02
2.180977050479401100e+02
1.338618948792765480e+02
2.126149100320875505e+02
2.315464602178745963e+02
2.601203406382769003e+02
7.544708999755445689e+01
6.447302381106038638e+01
2.593058642519977184e+02
1.162183904735728106e+02
1.971242667406018256e+02
1.955778738948370403e+02
1.665942571358614543e+02
2.284368552599528641e+02
2.204055746016525745e+02
2.349069995879956423e+02
1.898046778730212338e+02
2.684334399844863128e+02
2.151523493357992436e+02
2.094132391833459224e+02
2.107790003726638872e+02
1.849252619618423239e+02
1.969417001609668887e+02
2.468448894031531040e+02
2.425690394230811648e+02
2.119154120251764937e+02
2.276841937547006012e+02
2.129871862520124068e+02
2.328980493646750745e+02
2.287819198148523299e+02
2.196238010421328681e+02
1.982810546811730035e+02
2.047483485148650857e+02
2.150697171329202320e+02
2.205843928875261781e+02
5.046279176254098786e+01
1.869727458685068555e+01
7.447665547817899778e+01
2.160047114317320904e+02
6.931277199088663110e+01
2.462214574498638626e+02
1.815804546039012450e+02
1.712442258929177683e+02
2.583041490771398330e+01
2.275322635824794020e+02
1.980065542329758728e+02
2.095320603970255036e+02
1.709192948761896389e+02
2.411888453130979997e+02
2.993766228349641665e+02
2.117045518147815244e+02
7.205251649594855223e+01
2.156546241507797959e+02
2.286846203784926388e+02
2.229522106099419148e+02
2.611915803315015410e+02
2.488388065348577527e+02
1.385550099185890645e+02
1.886259360049825489e+02
2.245233421103399962e+02
1.922271785540373799e+02
1.972702593475188166e+02
2.151351572029622048e+02
2.306493359672181782e+02
2.461703962954014173e+02
2.357003954946128772e+02
2.187287887562688411e+02
2.165226965183037464e+02
2.154692350918965928e+02
1.915480754665554173e+02
2.822504556721922313e+02
1.583669796776698320e+02
2.093838218268266473e+02
2.019438678920683401e+02
2.112008074735529419e+02
1.863676419049529329e+02
1.409400061211250943e+02
4.424961926256608535e+01
2.693326128956775847e+02
1.999438587533407485e+02
3.043962296385096238e+02
2.125276021032405254e+02
2.313597958298772994e+02
2.354837608291267372e+02
2.042232495715246330e+02
2.090040264167609223e+02
1.856497836631335190e+02
2.553994388825884982e+02
1.719658290540280348e+02
2.173708474934767594e+02
9.462547027524179555e+01
2.257295433535778955e+02
4.559980689427508338e+01
2.311100814247561459e+02
2.170118243009683567e+02
8.517970716543155163e+01
2.357513287975445166e+02
2.431706928465464443e+02
2.132481987283327385e+02
2.609737095899088217e+02
2.478931908712030463e+02
2.397223222875124407e+02
2.489806978903452261e+02
2.094655780421256281e+02
2.086817092334123345e+02
1.343657741797241272e+02
2.440952136120295961e+02
2.260663752122055143e+02
2.303643998064304412e+02
2.045272312341540442e+02
1.934348301750536052e+02
2.127904508010318807e+02
3.206677584645967727e+02
2.273107694340597789e+02
2.138207687943461224e+02
2.580065333130073100e+02
2.224471539211060644e+02
1.817912864662108063e+02
2.356890411162542307e+02
1.987609402680941173e+02
2.181995250686872510e+02
1.047799186065112593e+02
1.888317595407936267e+02
2.095772781911567506e+02
2.366255819463772241e+02
2.170603759472950856e+02
5.961176538446284923e+01
2.454728240597089837e+02
1.968947125212228002e+02
2.074047311065679366e+02
1.972311190504231320e+02
2.374294608489025222e+02
2.387563551945187612e+02
2.100716028543220943e+02
1.963649937827802603e+02
1.642160901163998972e+02
1.625403131738045204e+02
2.509255968460459769e+02
3.194586979168861518e+01
1.541802659050173361e+02
2.494275579298012531e+02
2.066494248643467131e+02
1.931581896541918013e+02
4.059404920712896114e+01
2.532137170130216077e+02
1.842818086978488168e+02
3.071035563917916420e+02
1.422755834500250671e+02
1.005318516854162425e+02
2.859198561814201298e+02
2.288005635603519181e+02
1.893001439160422308e+02
2.492014718478815212e+02
2.397620855097991353e+02
2.220006090944436608e+02
2.186066902319978453e+02
2.164643638838883533e+02
2.016955942961944288e+02
2.249797354035713681e+02
1.984873640970519091e+02
2.486819086607345639e+02
1.451600989394483321e+01
2.772459972076900669e+01
2.141191720390969806e+02
2.005514887126913663e+02
1.762496056096042594e+02
1.046115246714235809e+02
2.996966398791113306e+02
2.012866429787128766e+02
2.179995335206391474e+02
2.121910145876266540e+02
2.361827333030848024e+02
2.178306628764596837e+02
1.943877933198105268e+02
2.250460112795089742e+02
2.235952503084063210e+02
1.917317804556091403e+02
2.210341061044523201e+02
2.273065857709171098e+02
3.540798984490009360e+01
2.393577313246817653e+02
1.948965844631642881e+02
7.614764487262317516e+01
2.142399478207638310e+02
2.140316542918759808e+02
2.057639135239123220e+02
2.082559469682114752e+02
2.521526093266690509e+02
2.304850381773397601e+02
2.012223407822954186e+02
2.048853214253815338e+02
2.251223666566539237e+02
2.185587269142434366e+02
3.085063714261232803e+02
2.241762124694445220e+02
1.622329938342125786e+02
2.444047506410431083e+02
2.459988979855856712e+02
2.418153212946593840e+02
2.374364105092442401e+02
2.070343719885015616e+02
1.710809900252280329e+02
2.261567349625845793e+02
1.618840979868488716e+02
2.383933554537234727e+02
1.463449252758630905e+02
2.163730951367118678e+02
4.933739161676154339e+01
2.044515115156757474e+02
2.343332447841142141e+02
8.730815332433216724e+01
3.079490559773020095e+02
2.028067292575550482e+02
2.567393746720708236e+02
2.095058572861551340e+02
1.987634151504984743e+02
2.478733566696371042e+02
2.217057129048545505e+02
2.284005477999636184e+02
2.232877041178982438e+02
1.613576065068185414e+02
2.107106136877853686e+01
2.299004298053920934e+02
1.884977965142548157e+02
2.255579608089121564e+02
4.227214796194849100e+01
2.636014730055414361e+02
2.120084761862405855e+02
2.570987916737469732e+02
1.270824638439948586e+02
1.616016791978113929e+02
2.273531714425548955e+02
2.345896933257696162e+02
2.262462429338568484e+02
2.596674139521113602e+02
2.069917626255071923e+02
9.134800722024746733e+01
1.929584650087758462e+02
1.782551546173330905e+02
2.144941886691883610e+02
2.166487956113914208e+02
2.213932194743981086e+02
2.080226463158238630e+02
1.917889737239526653e+02
2.397584740216633463e+02
1.026542241592498925e+02
2.386543049318418639e+02
2.577330122523932232e+02
1.989841847606382714e+02
1.067088901781136059e+02
1.437380019361472421e+02
1.895943753598761248e+02
7.894834450612671617e+01
1.918467762629174445e+02
2.207708165480815126e+02
1.952573805911320051e+02
1.286650766218023989e+02
2.144946202078332078e+02
2.177469594182924482e+02
1.993235280304183163e+02
2.441857151346352452e+02
2.168536685675413196e+02
2.169255477740689173e+02
2.097916771616148139e+02
1.778149602398238187e+02
1.232105896712281350e+02
2.520520214613891881e+02
2.172685044640064973e+02
2.080492911486101377e+02
2.424790874731355359e+02
2.478634368576573195e+02
2.495104732263760923e+02
2.198155569433339735e+02
2.877179021060247806e+02
1.865862407923145270e+02
2.380378718576016581e+02
2.547722567831520450e+02
2.389862296856071282e+02
1.765361048200740584e+02
1.897953832429568308e+02
1.529470637935164632e+02
1.935336414426001568e+02
2.129225119311660137e+02
2.512737869872046872e+02
1.598745593587425446e+02
2.076938089442579951e+02
1.145366781972137318e+02
1.972016918801355416e+02
2.052069088389909268e+02
2.443812297269382157e+02
2.263330978475232058e+01
2.512435124692989348e+02
2.173120714379634819e+02
2.417805398968610007e+02
3.704919555087462157e+01
2.220979081396830281e+02
2.319886646186549228e+02
9.365966555020730766e+01
2.389157713623455095e+02
2.043889195593713453e+02
1.636599245355560583e+02
2.612900579348662973e+02
2.203900010740594553e+02
8.679113103206211122e+01
8.139170269307373928e+01
2.353130367030899492e+02
5.324672337375103837e+01
2.060351377684253293e+02
2.281373684037505711e+02
1.682766060094951968e+02
2.189552094778937601e+02
9.618818823079762126e+01
2.147892492856421427e+02
1.901576277534054782e+02
2.540036592519615226e+02
2.092458201893641672e+02
2.275311824215747833e+02
2.349653779336759385e+02
2.036204436339880317e+02
1.875376446308053175e+02
2.218417858861143088e+02
2.296398846928178727e+02
2.578247967247552879e+02
2.315982216734559245e+02
2.048607471874027510e+02
3.270546347092956125e+02
2.047485845719084807e+02
2.071903168985083710e+02
7.602223481341937372e+01
2.088920454179805688e+02
2.537849035787645562e+02
2.727808136448268215e+02
2.390040806736994909e+02
1.797496829102287847e+02
2.370184611097766947e+02
2.208276871574113329e+02
9.583338988229904487e+01
2.090967360436941362e+02
2.177961625381584270e+02
1.935898675654601959e+02
2.097185539996191039e+02
2.369812760761331560e+02
2.116024023138284633e+02
2.394419798295496093e+02
1.388436948127765049e+02
2.333131391150949980e+02
1.694980803660611173e+02
2.009581648583963442e+02
2.472688712776252942e+02
3.097825154712731077e+01
2.011321868436731961e+02
2.463846907221480933e+02
2.677136204182621668e+02
2.230406392741921024e+02
9.546359678458932763e+01
2.185028279236102264e+02
2.403638687574878929e+02
2.064866879482867148e+02
2.496348857445925944e+02
1.421624909355573720e+02
2.295600928452728340e+02
2.288239745465914154e+02
2.552720101926388168e+02
7.126382474657501120e+01
8.868542984387524086e+01
2.226760668533230216e+02
1.157581016201573192e+02
2.043571256283031232e+02
8.324951616231805929e+01
9.529778372122441965e+01
1.807685366045269006e+02
2.269859922192881996e+01
2.493945005750050541e+02
2.372124390226133528e+02
2.442865469905094074e+02
2.369999167245876208e+02
2.449483700511229358e+02
2.955773726521060780e+02
1.984673912640974436e+02
2.692222421871720712e+02
7.621133240030526679e+01
2.222650708431067983e+02
1.856833487578628308e+02
1.870251682674983442e+02
2.109084151131488341e+02
2.081729474150441774e+02
2.439031523038318880e+02
9.595767338118486123e+01
1.859685875094605478e+02
3.194795767364151970e+02
2.466985627282108169e+02
2.493828495447778550e+02
2.660672839788271062e+02
7.751316420138545027e+01
1.298840040084548377e+02
2.039805836801008638e+02
2.146548648410604585e+02
1.950256112583571735e+02
3.298174434090859108e+02
2.893849032010958808e+02
3.198116871884464558e+02
2.162899549607745939e+02
2.432712035169998899e+02
2.292563830204938711e+02
2.441353016633229913e+02
2.236911846640969372e+02
2.011074505884670884e+02
2.486962206082237685e+02
2.472140846542126837e+02
3.304783185135502208e+02
1.924716788409528476e+02
2.087693525571260977e+02
2.005573219452350315e+02
2.345040084371852629e+02
2.439292031061945636e+02
2.046309889221572291e+02
1.780446667520537289e+02
2.013999744471683755e+02
2.171709006299539908e+02
2.061034489404084695e+02
2.273566177820392795e+02
8.876541515237430247e+01
1.900050544649334938e+02
3.143121431864047395e+02
2.574463019016172893e+02
3.060367463365252547e+02
2.437719879892053143e+02
2.324808007340132860e+02
1.917932343297707121e+02
2.172804971807981360e+02
9.088509284277691336e+01
2.002149612416722562e+02
2.270756172170029572e+02
2.107793975922152470e+02
1.666970236670276506e+02
1.936339169627361514e+02
2.220367864620743035e+02
3.151964413797010138e+02
1.271552523499696292e+02
2.325341016747189258e+02
1.912794727916933653e+02
2.331842913411603604e+02
1.992460136879513755e+02
1.924541256211648772e+02
2.027160843262108472e+02
2.100015405282324537e+02
3.169689471810954160e+02
1.026835658084833227e+02
1.957757564859888930e+02
2.156944305363610681e+02
2.169582746206375532e+02
2.007903792385626218e+02
2.288713895517231549e+02
2.182497384120305526e+02
1.899153857012232152e+02
2.074803722326698789e+02
2.157404061724823805e+02
2.588872993607394051e+02
2.358436822221914895e+02
7.889389406736744093e+01
2.008438375542980339e+02
2.589158255201082852e+02
2.505515351900706662e+02
2.019006225201584357e+02
8.558345961127606927e+01
2.266923528159629200e+02
2.080727436436090443e+02
1.812378430334823349e+02
1.987505300199160843e+02
2.260130245094788677e+02
6.213525813532022823e+00
3.340406689179544060e+02
2.286715668690376617e+02
1.882285480960576933e+02
3.260270064868132778e+01
1.599391076223316475e+02
2.290138895451385110e+02
2.029091512761014542e+02
2.244046411292630694e+02
2.385147011113678275e+02
1.789008703357322929e+02
2.186518027204870123e+02
1.887209119062880802e+02
2.312658493880161927e+02
2.358393048059475632e+02
2.423196454065067655e+02
2.587160279149252347e+02
2.156922020094524726e+02
2.188981306713301933e+02
2.265876217500589007e+02
1.997839782836602751e+02
2.241754213406850909e+02
2.013212361502267811e+02
2.496572332046958707e+02
2.557519641815561897e+02
8.936147166176553469e+01
2.123962874106523486e+02
2.017006754301187357e+02
2.321068046719352651e+02
1.092848243874100120e+02
2.542162208701290922e+02
2.145691893517651749e+02
1.635569432603267899e+02
2.353870722415691148e+02
9.031265728673160709e+01
2.375538345115228935e+02
1.984926182472183314e+02
2.169914235925830042e+02
2.251566816258033441e+02
8.605196890751911099e+01
2.287802157758530939e+02
2.139373925940587640e+02
8.925143579281034079e+01
2.082104887594912270e+02
2.097844466927035683e+02
2.290807175271843334e+02
2.827093351960465384e+02
2.334203849200503100e+02
2.537683441818936956e+02
2.120106730409412705e+02
1.970461379130309751e+02
2.282934584497971002e+02
2.150571806455403134e+02
2.222020668720537913e+02
2.226357485439624497e+02
2.487337547800840696e+02
1.466420186841157545e+02
4.424918894987523998e+00
2.576150278763220740e+02
2.288685066383917288e+01
1.791294787450517276e+02
2.503109136917886417e+02
2.551576592116114455e+02
2.238718205635883578e+02
2.121049276589929775e+02
4.219690800924070118e+01
2.120282607313839094e+02
2.233754315163968727e+02
2.413452929611366926e+02
2.113199018681357302e+02
2.276485005670220403e+02
1.282696885191959097e+02
7.906446016189099169e+01
2.173537634307194537e+02
1.304629393636435850e+02
2.648111775039759550e+02
1.994991566837432231e+02
2.582778997899181377e+02
1.978332568038984220e+02
2.298135820733232038e+02
2.091399197721505061e+02
2.194429730895286639e+02
2.280346566033008457e+02
2.475321358934570810e+02
1.901735150771096414e+02
1.806421805736373756e+02
1.907757052480292543e+02
2.593567581335805698e+02
2.023520767890211687e+02
2.188844051752889186e+02
2.250979606985588646e+02
1.984868972499754136e+02
2.276457787831661221e+02
2.592827155689823826e+02
2.387360017238867158e+02
1.797181987051048111e+02
2.492606763475424145e+02
5.125339250762976917e+01
3.190482768777972638e+02
2.227397370193750419e+02
2.016835298686959277e+02
2.414336036690537810e+02
3.579494839743492207e+02
2.800138673913076559e+02
2.289739463973476745e+02
2.710433569408210133e+02
2.253345332462376689e+02
2.052505781935850280e+02
2.272824464834847618e+02
2.417008989566991772e+02
2.082309556732366786e+02
2.087820167452932765e+02
2.445246375470831595e+02
1.937909948960981978e+02
1.952669399024058805e+02
1.803005877526026381e+02
1.781947142920470526e+02
2.266763851864233175e+02
2.506991450936069725e+02
1.414667112973130436e+01
1.943261717957266512e+02
2.382045538643285454e+02
2.065573464027487773e+02
2.103058015905298532e+02
2.915214937190506461e+01
2.544595964470485114e+02
1.027502302201018693e+02
1.930755501551186910e+02
2.126043607777878606e+02
3.459846774881560805e+01
2.068217119084791875e+02
2.226028674332854962e+02
1.945941321867597651e+02
2.365309240087914020e+02
2.539945734491307121e+02
2.008013292496152644e+02
3.001446442150904659e+02
2.650776987828651841e+02
2.063686936406630821e+02
2.501781369775157486e+02
7.527864142856898866e+01
1.907229342673812198e+02
2.753608314068982850e+02
1.878413091225018832e+02
1.894344838449023598e+02
1.559622230237090150e+02
2.170193388953630915e+02
2.579674509533014657e+02
1.104588379580683721e+02
7.767689751520657637e+01
2.475641410530704150e+02
2.010908420255225906e+02
2.494438337384533781e+02
2.478564877255746808e+02
2.471986613624099505e+02
1.713242658728882759e+02
2.229048117906332607e+02
2.154477892851726892e+02
2.204783145990986668e+02
1.045657499582252115e+02
5.754172767944700695e+01
2.346821785016049660e+02
1.598354743711362005e+02
2.312344837642828566e+02
2.282650359912887268e+02
2.333164105007999467e+02
2.420229377264739128e+02
2.202811166676128494e+02
2.230900644327321629e+02
1.146939658577608441e+02
2.268576871044841141e+02
2.322291092100307139e+02
2.456930268013167051e+02
1.988888983568323567e+02
2.281500560879416071e+02
2.533332666756521405e+02
2.524326745657878917e+02
2.453192330784012540e+02
1.971766091998594561e+02
2.225677879622651290e+02
2.050545177905097773e+02
2.518028416278646660e+02
2.312711650240921699e+02
2.481064965302029748e+02
2.325185772224698724e+02
2.518726415466932167e+02
1.127898355488690498e+02
2.250886735756950543e+02
2.490663911576686758e+02
2.192318846635803027e+02
2.355362309959149059e+02
2.538004235683548018e+02
6.211373640446841193e+01
2.256826151989206721e+02
6.676691945060801103e+00
2.685659331852792775e+02
2.301903131259254565e+02
9.129907029508879646e+01
2.223650762789024498e+02
2.412665844079411102e+02
2.184921695004190383e+02
2.338872199805861101e+02
2.255240075295219526e+02
2.468159443995866695e+02
2.240252785089387828e+02
2.129645216449010192e+01
2.268316296781954691e+02
2.109003692218435901e+02
2.301536224363768781e+02
9.941438093000175513e+01
9.043453848891216751e+01
2.122213321106502235e+02
2.089643806586147150e+02
2.013842659950174152e+02
1.871369204126515342e+02
1.990753783117152693e+02
8.165913987128081430e+01
2.575008540483627826e+02
2.473000290405404940e+02
2.486658087836897835e+02
2.702289817792359372e+02
2.028701487315247789e+02
2.577771487859599802e+02
2.214357359131667806e+02
2.470680176102056578e+02
2.094070838744275989e+02
1.938097075611240996e+02
2.512143435941765972e+02
2.133958243150700866e+02
1.302736729140273155e+02
1.953631226179056739e+02
2.476067332795298057e+02
2.237428031466168932e+02
1.807838439728612059e+02
7.100072690205735171e+01
2.368446277799473307e+02
2.372927099414860663e+02
2.038015684206135063e+02
2.399795061917047008e+02
2.470525477304642550e+02
9.348639393338814330e+01
2.202604224227987402e+02
2.288847468265475698e+02
2.504632458030449982e+00
2.239031828281686387e+02
2.014469969303573862e+02
2.022964611126030547e+02
9.666763945218248466e+01
2.159689001870426637e+02
2.390021020071223461e+02
2.285097834073925469e+02
2.293797130818580285e+02
2.090508291270804762e+02
2.146782290724878237e+02
9.673675613636592630e+01
1.999699120029872574e+02
2.092072677520814068e+02
1.902547396883742579e+02
1.913204368324442726e+02
2.302143717832026368e+02
3.035766010119659768e+02
2.296685127519395166e+02
2.217892867306899518e+02
2.215011789292728395e+02
2.316802638606839082e+02
2.390091736876781852e+02
1.837961739996580377e+02
2.129578134171253225e+02
2.199312376667707269e+02
2.524551896061184095e+02
1.965293634702885015e+02
2.158837211135072778e+02
2.463413711073586683e+02
2.033067183488607839e+02
2.300791969041572997e+02
2.148407729082401545e+02
2.352283534464320383e+02
1.345120932115679580e+02
2.284519765343762288e+02
1.880560088182399170e+02
5.939668291396149158e+01
2.317770850048534896e+02
2.040825587821166494e+02
2.349513738350482299e+02
1.302095229980714066e+02
2.424170309443130975e+02
2.420930770795256990e+02
2.358725280592082356e+02
2.336595805284700305e+02
2.357863460489413683e+02
2.172934135422377437e+02
2.084839831808473036e+02
2.170844287008369520e+02
1.050762312898276178e+02
2.290588085562914102e+02
2.426407266380162753e+02
8.354000490521644906e+01
2.319326951159928285e+02
2.260601411942508605e+02
2.578581070001407625e+02
2.291677601371030448e+02
3.203929122549361637e+02
2.413409099259220341e+02
1.926485691604931958e+02
2.137628885281362443e+02
2.290850896613565624e+02
1.901742104586664652e+02
2.250242926578223432e+02
2.529874549628706859e+02
4.778341078436609024e+01
1.210408971492365851e+02
9.947454622268841717e+01
2.258837727141329879e+02
1.876921891311886554e+02
2.379903542526591309e+02
1.108231202959980806e+02
2.036083048724469506e+02
2.552574662542832300e+02
4.740200934531049626e+01
1.978850728642078138e+02
1.956318211526028676e+02
2.294458101737377831e+02
2.136531590886303889e+02
2.435279704699882757e+02
2.140072450130079460e+02
2.207562781077866703e+02
2.078603130186304213e+02
2.292320396257935329e+02
1.862964989921709105e+02
2.163135018776492302e+02
2.207173943492726096e+02
2.857594115880202708e+02
2.428513006138141748e+02
2.275593087287012679e+02
2.017497589491366625e+02
2.249132933125522982e+02
2.160039415835079524e+02
2.531297200710624793e+02
1.836763540166517714e+02
2.127251106867659587e+02
2.080505909878014847e+02
2.170774290167748575e+02
2.208493869275240513e+02
1.719222187054542417e+02
2.180159573501307477e+02
6.048200307252845676e+01
2.352924176372963530e+02
2.134709716241277135e+02
1.990380852980158579e+02
1.731181247793994373e+02
2.178553907676830192e+02
2.236230050451443105e+02
2.618127792548926323e+02
2.125306488570454633e+02
2.494498162365541702e+02
2.544006335445717468e+02
2.298957461058093656e+02
1.792771246076420653e+02
2.461704844211052432e+02
2.106765932656100233e+02
2.209984231825744700e+02
9.534960199014268767e+01
2.341438668436028934e+02
2.443556201165209245e+02
9.913944436671457083e+01
2.160944559643267837e+02
8.494801601832466531e+01
3.029302169649253784e+01
2.035105790683664679e+02
2.023376219797883380e+02
1.356443227503676141e+01
2.539844877442693587e+02
2.330241715759875660e+02
2.051175290122533283e+02
2.037528062487566842e+02
1.679161949635222868e+02
9.909862678574822326e+01
1.706604192079141740e+02
2.498178250457193030e+02
2.387467358155572867e+02
2.898878524641115746e+02
3.326482273219647823e+02
2.175725989423930855e+02
2.437934799319512820e+02
2.065357689689190863e+02
2.358460402174758883e+02
2.214038085812615293e+02
2.157266350752538528e+02
2.511352588378757389e+02
1.043685059530040036e+02
2.398937247109512043e+02
2.481464408291570578e+01
2.200180069966843917e+02
2.156321144761837729e+02
2.973400924746989915e+01
2.605491352530392533e+02
2.035599790119014756e+02
2.257469696345779084e+02
1.236974220707625136e+02
2.307498857921498256e+02
2.280300245247025543e+02
2.300032950777393239e+02
2.579307671943093965e+02
2.364634404974943038e+02
2.436470227661072556e+02
2.335374591690367083e+02
2.004394017029934787e+02
2.469626640782303468e+02
2.338690411618973428e+02
2.259359805037251476e+02
2.416281825689193568e+02
2.587313403101958897e+02
2.304685611960726419e+02
2.010100112299836894e+02
2.267962448361756458e+02
6.949824817665481191e+01
2.275818271542504760e+02
2.394493410234312023e+02
2.307449583313257619e+02
2.180939769556443935e+02
1.960893361140399520e+02
1.579340429100416827e+02
2.115433472951126248e+02
1.092676931126493116e+02
2.192427884115829499e+02
2.048857906831582909e+02
2.237895073603598917e+02
1.574575448460322207e+02
2.511763473573262218e+02
1.943443002082404689e+02
2.334645363951879347e+02
2.234917907703137985e+02
2.004622598713827983e+02
2.431295599104223868e+02
2.192185406776011973e+02
3.197258526628248774e+02
3.301036866114634449e+02
2.509753758152556031e+02
2.202989453935920494e+02
1.870582292459816642e+02
2.257928018174973772e+02
2.155527855567655706e+02
9.041340969413417383e+01
8.783430573536030295e+01
2.397284612507582438e+02
7.543953243877136572e+01
2.808484662800469778e+02
2.184730593291136529e+02
2.068705517585532618e+02
2.116873738356177910e+02
2.206121472130589893e+02
2.111460307273510466e+02
2.299939585571394218e+02
1.830794317344611670e+02
2.424960057632945336e+02
2.146054940527288295e+02
1.978207364038493949e+02
2.231231595709359397e+02
2.453817103982464687e+02
1.809333762866252471e+02
1.527620208482308897e+02
1.981696107751509999e+02
2.151577012597592500e+02
1.058025929493275896e+02
2.523918361765796305e+02
8.167132000229537425e+01
2.532355177806430788e+02
1.746452196463127393e+02
1.815119616524190747e+02
1.845647649683616009e+02
2.277661287299971775e+02
2.125196429493225310e+02
1.653145933818820481e+02
8.929261085742825799e+01
2.420850787652021836e+02
2.395093808669724353e+02
1.977211743591786330e+02
2.002350383771968723e+02
2.275537459878204913e+02
2.683860114460700856e+02
2.517342382649670185e+02
2.426575228045043957e+02
2.142638226890602482e+02
2.106724337950178096e+02
2.017811295264613705e+02
1.722192117374021905e+02
1.790054977009114339e+02
2.179493670613542804e+02
2.470133314396927062e+02
2.418518705081685027e+02
1.997590973576252793e+02
2.217601535648645381e+02
1.068188431365829558e+02
1.925547613198863814e+02
1.929848359573630603e+02
4.120058146833910939e+01
2.114401456142522591e+02
2.431027255023691396e+02
1.920744604889432878e+02
2.138654386952508162e+02
2.566101401315934822e+02
2.003296876199214296e+02
2.463077356561171314e+02
1.413223757497854365e+02
1.087738146417360241e+02
2.133089837166972984e+02
2.041306171880653721e+02
2.301508157419950749e+02
1.956001581298028213e+02
2.401821745086133149e+02
3.431666094000623843e+02
2.333086952443438804e+02
2.402517641276339759e+02
9.206115639204475087e+01
5.879999836126798129e+01
2.044112850840527358e+02
2.730975015054004871e+02
2.057622720173362723e+02
1.955876421708684347e+02
2.365885312355418364e+02
2.277084896670924650e+02
1.820613704077187549e+02
1.968346762727934163e+02
3.314443450025581228e+02
1.937121791799612538e+02
2.557078821533366408e+02
2.085977322981366626e+02
1.679958219955365450e+02
2.322115264508369989e+02
2.432718640488672577e+02
2.277990314389777780e+02
2.594090566014547790e+02
2.296792673304036043e+02
2.244412498756007039e+02
2.570332543107227821e+02
2.031582262958945648e+02
2.316444292787658696e+02
1.482932024763237280e+02
2.074574392392344180e+02
2.470529086102517624e+02
6.221830516973682279e+01
2.155158920997976679e+02
1.878270642760387261e+02
2.309435192821708824e+02
2.646073279182479610e+02
2.093135589811225543e+02
2.146988214527689820e+02
2.376667888894734517e+02
5.623696508402432670e+01
2.231631016074537683e+02
1.316977477429659515e+01
2.052846421759215616e+02
2.323656608369495586e+02
9.042744133491828507e+01
2.114868598524975596e+02
2.349448346936046050e+02
1.286938578393097430e+02
2.126060295184874462e+02
2.295258181689008552e+02
1.801775578216026474e+02
1.833519873255897608e+02
9.446793101473444665e+01
2.246788872826255670e+02
2.253681774352741627e+02
1.882022974246672504e+02
1.315894598320349473e+02
3.250384826759235466e+02
2.353569407091745234e+02
2.086036874097272857e+02
2.237489146892253018e+02
2.470582303452113706e+02
2.017641761887987002e+02
8.899278951580596697e+01
6.618218248328554409e+01
8.825900066875621519e+01
1.930205109099718754e+02
2.161892607803944486e+02
2.252576544252533495e+02
2.397370977630088191e+02
2.174269033113799594e+02
6.745500918101333809e+01
2.171560106501269445e+02
2.183467417319511981e+02
1.666696003785994549e+02
2.504176662150802883e+02
2.062715891116433227e+02
2.080796478358415129e+02
2.547809210918914289e+02
1.309578637534544328e+02
2.249747073069059411e+02
2.333373163647140700e+02
2.404277141718394546e+02
2.084182929979171206e+02
2.399429101796694113e+02
2.246226836271669640e+02
2.425534503163519275e+02
5.831093162458731882e+00
2.448688721248753950e+02
3.427648406643889984e+02
3.475885315348867266e+01
6.837854806413929509e+01
2.120249511673903271e+02
6.659382340982399739e+01
2.197298513600947842e+02
1.370668176213139873e+02
2.323630663261058942e+02
2.491168048745101373e+02
2.452385314111125751e+02
2.228200718931008453e+02